league,team,player,champion,dmgtochamps,predicted,goldspent
LMS,J Team,Bebe,Ashe,13837,15182.165259712287,12525
LMS,Fire Ball,Unified,Ashe,21435,15331.662010113796,12600
LMS,Wayi Spider,Breeze,Ashe,8755,12669.451109929556,11275
LMS,AHQ e-Sports Club,An,Ashe,18894,18333.66311994614,14125
LMS,Wayi Spider,Breeze,Ashe,8401,22940.717362765332,16550
LMS,Machi 17,Dee,Ashe,9609,9875.58267171936,9900
LMS,Hong Kong Esports,GodKwai,Ashe,17298,13678.919184993563,11775
LMS,eXtreme Gamers,LBB,Ashe,15003,19349.098591462887,14650
LMS,eXtreme Gamers,LBB,Ashe,4264,11807.858716742643,10850
LMS,eXtreme Gamers,LBB,Ashe,10965,11706.326221447416,10800
LMS,Wayi Spider,Breeze,Ashe,15934,17210.606805756295,13550
LMS,Wayi Spider,Breeze,Ashe,14777,16422.897938314407,13150
LMS,eXtreme Gamers,LBB,Ashe,11122,8099.303843204705,9025
LMS,eXtreme Gamers,LBB,Ashe,4754,7443.990514730901,8700
LMS,Fire Ball,Unified,Ashe,33405,24276.081748094173,17275
LMS,Fire Ball,Unified,Ashe,27336,36329.566886908295,24350
LMS,J Team,Bebe,Ashe,26790,28035.023566139313,19375
LMS,AHQ e-Sports Club,An,Ashe,10530,14682.710173964977,12275
LMS,AHQ e-Sports Club,An,Ashe,11392,15828.806456757775,12850
LMS,Fire Ball,Unified,Ashe,6760,5122.47291365458,7525
LMS,Fire Ball,Unified,Ashe,6969,5267.380734442802,7600
LMS,Flash Wolves,Betty,Ashe,8463,14281.942396778139,12075
LMS,Flash Wolves,Betty,Ashe,5505,11553.972381106772,10725
LMS,J Team,BeBe,Ashe,18041,22008.42518306043,16050
LMS,J Team,BeBe,Ashe,12061,10028.21594246115,9975
LMS,Machi 17,Dee,Ashe,36201,27463.75015112929,19050
LMS,Machi 17,Dee,Ashe,15707,18041.77399783838,13975
LMS,Hong Kong Attitude,GodKwai,Ashe,17932,11299.917504938603,10600
LMS,Wayi Spider,Breeze,Ashe,20437,9011.386165141259,9475
LMS,Wayi Spider,Breeze,Ashe,9944,10791.422037829574,10350
LMS,Hong Kong Attitude,GodKwai,Ashe,13437,10231.747287624643,10075
LMS,AHQ e-Sports Club,LBB,Ashe,12460,10079.09726046,1e4
LMS,AHQ e-Sports Club,An,Ashe,15505,15878.419056045243,12875
LMS,Wayi Spider,Breeze,Ashe,28534,21303.138584831417,15675
LMS,Wayi Spider,Breeze,Ashe,33375,20259.372889847164,15125
LMS,J Team,BeBe,Ashe,21521,28070.055453232228,19395
LMS,J Team,BeBe,Ashe,18688,19924.95451085623,14950
LMS,Flash Wolves,Madnesss,Ashe,27301,24321.78158672245,17300
LMS,Wayi Spider,Breeze,Ashe,17690,18479.316385438644,14200
LMS,Machi 17,Dee,Ashe,10066,5705.39481661352,7825
LMS,Machi 17,Dee,Ashe,7258,10079.097260460003,1e4
LMS,Fire Ball,Unified,Ashe,17108,24822.955633389487,17575
LMS,Wayi Spider,Breeze,Ashe,8972,16768.15396670129,13325
LMS,Wayi Spider,Breeze,Ashe,26612,26354.451711385467,18425
LMS,J Team,BeBe,Ashe,21721,20354.717042889864,15175
LMS,Flash Wolves,Betty,Ashe,6757,9417.860015924576,9675
LMS,Hong Kong Attitude,GodKwai,Ashe,14651,5558.871391239675,7750
LMS,J Team,BeBe,Ashe,14452,18547.221053418438,14235
LMS,J Team,BeBe,Ashe,14110,11249.088869393017,10575
LMS,Wayi Spider,Breeze,Ashe,9947,21208.708802496974,15625
LMS,AHQ e-Sports Club,An,Ashe,12736,17602.500126900162,13750
LMS,Fire Ball,Unified,Ashe,6414,8149.851972437348,9050
LMS,AHQ e-Sports Club,An,Ashe,15718,19512.585326213077,14735
LMS,AHQ e-Sports Club,An,Ashe,17721,11096.572022686812,10500
LMS,J Team,BeBe,Ashe,19046,17308.704661949287,13600
LMS,AHQ e-Sports Club,An,Ashe,22244,17944.306151383476,13925
LMS,J Team,BeBe,Ashe,11181,14131.39121292217,12e3
LMS,AHQ e-Sports Club,An,Ashe,10313,5999.858332460403,7975
LMS,Hong Kong Attitude,Unified,Ashe,17131,19059.965001964458,14500
LMS,Hong Kong Attitude,Unified,Ashe,12287,11350.740573222052,10625
LMS,Wayi Spider,Breeze,Ashe,26448,12720.041432967897,11300
LMS,Hong Kong Attitude,Unified,Ashe,28273,29123.059689440877,2e4
LMS,Raise Gaming,LilV,Ashe,22343,19541.409116953455,14750
LMS,Hong Kong Esports,GodKwai,Caitlyn,7386,6902.802934486591,7750
LMS,Machi 17,Dee,Caitlyn,13636,18575.230075545252,13100
LMS,Raise Gaming,LilV,Caitlyn,26179,28487.191793906943,18050
LMS,Fire Ball,Unified,Caitlyn,22871,18785.93907169784,13200
LMS,Machi 17,Dee,Caitlyn,19552,36483.41538006875,22475
LMS,Hong Kong Attitude,GodKwai,Caitlyn,10148,9153.497901522253,8775
LMS,Wayi Spider,Breeze,Caitlyn,29521,32783.824739486314,20375
LMS,Flash Wolves,Madnesss,Caitlyn,26555,27725.55900267039,17650
LMS,Machi 17,Dee,Caitlyn,7525,18205.498310088067,12925
LMS,Fire Ball,Unified,Caitlyn,27409,21075.852376634783,14300
LMS,Hong Kong Attitude,GodKwai,Caitlyn,16013,20921.371615666085,14225
LMS,Hong Kong Attitude,GodKwai,Caitlyn,28043,32060.077834212916,19975
LMS,Fire Ball,Unified,Caitlyn,9764,15907.70819189627,11850
LMS,Raise Gaming,LilV,Caitlyn,25299,31604.534450104988,19725
LMS,Raise Gaming,LilV,Caitlyn,25131,28392.35624493353,18e3
LMS,Raise Gaming,LilV,Caitlyn,25131,28392.35624493353,18e3
LMS,Machi 17,Dee,Caitlyn,8290,10370.58056423365,9325
LMS,Flash Wolves,Betty,Caitlyn,15839,12800.41323887949,10425
LMS,Hong Kong Attitude,GodKwai,Caitlyn,24095,31558.843599625012,19700
LMS,Hong Kong Attitude,GodKwai,Caitlyn,21629,32422.735231179548,20175
LMS,Flash Wolves,Betty,Caitlyn,26038,21384.080578868707,14450
LMS,AHQ e-Sports Club,An,Caitlyn,29952,22556.523517369806,15025
LMS,Fire Ball,Unified,Caitlyn,36206,32783.824739486314,20375
LMS,Fire Ball,Unified,Caitlyn,39109,21844.584365881958,14675
LMS,AHQ e-Sports Club,An,Caitlyn,23510,24660.11763976406,16075
LMS,AHQ e-Sports Club,An,Caitlyn,12248,11366.382969766279,9775
LMS,AHQ e-Sports Club,An,Caitlyn,20095,15637.713760893204,11725
LMS,AHQ e-Sports Club,An,Caitlyn,13379,13569.019888696255,10775
LMS,Machi 17,Dee,Caitlyn,10761,10702.64540003911,9475
LMS,AHQ e-Sports Club,An,Caitlyn,10606,18099.630822995987,12875
LMS,Flash Wolves,Betty,Caitlyn,14103,16392.28272676809,12075
LMS,Fire Ball,Enzz,Caitlyn,7359,12965.360556611713,10500
LMS,Hong Kong Attitude,Unified,Caitlyn,17769,16553.393659660098,12150
LMS,Wayi Spider,Breeze,Caitlyn,23714,27053.568708474835,17300
LMS,Flash Wolves,Betty,Caitlyn,46551,31695.841519479058,19775
LMS,Raise Gaming,LilV,Caitlyn,25953,22302.87542488646,14900
LMS,Fire Ball,Enzz,Caitlyn,14872,11808.353823891897,9975
LMS,Fire Ball,Enzz,Caitlyn,16041,16123.302201549941,11950
LMS,J Team,BeBe,Caitlyn,14086,5825.202150924206,7250
LMS,Wayi Spider,Breeze,Ezreal,12944,13647.114651656097,9975
LMS,eXtreme Gamers,LBB,Ezreal,15545,25142.95273405666,15058
LMS,AHQ e-Sports Club,An,Ezreal,12024,16837.302957187145,11333
LMS,Machi 17,Dee,Jhin,5198,17138.826506918693,12550
LMS,Hong Kong Esports,GodKwai,Jhin,26373,21946.43047248022,14875
LMS,Flash Wolves,Betty,Jhin,10814,18661.781016487024,13275
LMS,J Team,Bebe,Jhin,17892,19078.20601868941,13475
LMS,Flash Wolves,Betty,Jhin,38905,41239.758787151724,25575
LMS,J Team,BeBe,Jhin,14398,18296.07822715758,13100
LMS,Wayi Spider,Breeze,Jhin,37020,34839.954587237684,21750
LMS,Machi 17,Dee,Jhin,6152,13276.2707124397,10750
LMS,Hong Kong Attitude,GodKwai,Jhin,34911,21592.44810768538,14700
LMS,Raise Gaming,Ran,Jhin,7914,12786.77286477375,10525
LMS,Machi 17,Dee,Jhin,13564,20214.86101587703,14025
LMS,J Team,BeBe,Jhin,26272,17191.683482745648,12575
LMS,Raise Gaming,LilV,Jhin,19253,11750.029717997824,10050
LMS,Hong Kong Attitude,Unified,Jhin,13867,12786.772864773739,10525
LMS,Fire Ball,Enzz,Jhin,13520,11968.614907767103,10150
LMS,J Team,BeBe,Jhin,16503,19182.056506473247,13525
LMS,J Team,BeBe,Jhin,9617,8903.193822434541,8750
LMS,Machi 17,Dee,Jhin,8238,10162.266618450418,9325
LMS,Hong Kong Attitude,Unified,Jhin,38324,28046.98333131194,18e3
LMS,Machi 17,Dee,Jhin,5020,13872.86298177687,11025
LMS,Machi 17,Dee,Jhin,11712,13439.17015341433,10825
LMS,Machi 17,Dee,Jhin,47286,33745.40169640196,21125
LMS,AHQ e-Sports Club,An,Kalista,9118,10054.757401915482,10500
LMS,Fire Ball,Unified,Kalista,6614,7978.982159718048,9425
LMS,Wayi Spider,Breeze,Kalista,8526,8797.666306968365,9850
LMS,J Team,BeBe,Kalista,12997,16940.43836843038,14100
LMS,Flash Wolves,Betty,Kalista,15968,19164.149999047262,15300
LMS,Flash Wolves,Betty,Kalista,15294,8267.476399304709,9575
LMS,Flash Wolves,Betty,Kalista,24265,24907.892102111637,18525
LMS,J Team,BeBe,Kalista,20468,21476.340117626092,16575
LMS,J Team,BeBe,Kalista,20468,21476.340117626092,16575
LMS,Fire Ball,Unified,Kalista,6989,7260.688883589434,9050
LMS,Flash Wolves,Betty,Kalista,16651,14484.254583356693,12800
LMS,AHQ e-Sports Club,An,Kalista,11414,14627.147443994427,12875
LMS,AHQ e-Sports Club,An,Kalista,13062,21476.340117626092,16575
LMS,Wayi Spider,Breeze,Kalista,27400,26914.359739888645,19700
LMS,Raise Gaming,LilV,Kalista,33521,36370.14319098952,25625
LMS,Flash Wolves,Betty,Kalista,18240,15149.91732773241,13150
LMS,Hong Kong Attitude,Unified,Kalista,7044,8075.083183085951,9475
LMS,Hong Kong Attitude,Unified,Kalista,13246,13959.203883292374,12525
LMS,Wayi Spider,Breeze,Kalista,7897,5796.536643034221,8275
LMS,Wayi Spider,Breeze,Kalista,5838,6077.129618800866,8425
LMS,Wayi Spider,Breeze,Kalista,5691,17360.744517539122,14325
LMS,Wayi Spider,Breeze,Kalista,7086,6124.0460331519,8450
LMS,Wayi Spider,Breeze,Kalista,4748,10780.753139854836,10875
LMS,J Team,BeBe,Kalista,15592,17220.80975397551,14250
LMS,Machi 17,Dee,Kalista,45588,37642.724485626175,26475
LMS,AHQ e-Sports Club,An,Kalista,8224,13528.391259226666,12300
LMS,Raise Gaming,LilV,Kalista,15437,15102.470700715,13125
LMS,Flash Wolves,Betty,Kalista,20788,11844.280594415626,11425
LMS,Flash Wolves,Betty,Kalista,14268,10393.57565435254,10675
LMS,Fire Ball,Enzz,Kalista,16919,18704.579924409187,15050
LMS,Wayi Spider,Breeze,Kalista,15261,16142.503460337894,13675
LMS,Hong Kong Attitude,Unified,Kalista,12819,11264.474658479838,11125
LMS,Raise Gaming,LilV,Kalista,10020,10054.757401915484,10500
LMS,Fire Ball,Enzz,Kalista,5775,6500.790112911103,8650
LMS,Machi 17,Dee,Kalista,11815,15197.348039200027,13175
LMS,Hong Kong Attitude,Unified,Kalista,18274,22855.423721192536,17350
LMS,Hong Kong Attitude,Unified,Kalista,12277,14674.748591304826,12900
LMS,AHQ e-Sports Club,An,Kalista,19052,6548.048676680218,8675
LMS,AHQ e-Sports Club,An,Kalista,6017,7930.957170337722,9400
LMS,Hong Kong Attitude,Unified,Kalista,15469,8075.083183085951,9475
LMS,Flash Wolves,Betty,Kalista,7937,12374.863178613195,11700
LMS,Raise Gaming,LilV,Kalista,10896,17127.426665680374,14200
LMS,Hong Kong Attitude,Unified,Kalista,4904,9861.168533546603,10400
LMS,Hong Kong Attitude,Unified,Kalista,19293,10732.362648805372,10850
LMS,Wayi Spider,Breeze,Kalista,29922,21341.814862243697,16500
LMS,Machi 17,Dee,Kalista,13762,10054.757401915482,10500
LMS,Hong Kong Attitude,Unified,Kalista,14826,14484.254583356696,12800
LMS,J Team,BeBe,Kalista,15898,24214.370730163344,18125
LMS,AHQ e-Sports Club,An,Kalista,16356,17779.530769066674,14550
LMS,Flash Wolves,Betty,Kalista,8363,17183.46544257226,14230
LMS,Fire Ball,Enzz,Kalista,12917,9764.387414586083,10350
LMS,AHQ e-Sports Club,An,Kog'Maw,23175,16920.91553959551,10850
LMS,Raise Gaming,LilV,Kog'Maw,15220,31304.39310590426,17225
LMS,Machi 17,Dee,Kog'Maw,18719,10781.892248610986,8375
LMS,Machi 17,Dee,Kog'Maw,31051,23857.517595762754,13800
LMS,Raise Gaming,LilV,Kog'Maw,28439,26759.78708412521,15100
LMS,Fire Ball,Unified,Kog'Maw,15302,23743.99373005652,13750
LMS,Raise Gaming,LilV,Kog'Maw,31585,38147.23457280302,20650
LMS,Flash Wolves,Betty,Kog'Maw,40609,29249.24708229554,16250
LMS,AHQ e-Sports Club,An,Kog'Maw,17259,18250.034539888147,11400
LMS,Raise Gaming,Ran,Kog'Maw,7774,7027.598402445908,6875
LMS,J Team,BeBe,Kog'Maw,17506,20507.995191981532,12350
LMS,Hong Kong Attitude,Unified,Kog'Maw,28109,28283.676156508653,15800
LMS,Hong Kong Attitude,Unified,Kog'Maw,19188,18009.5350732061,11300
LMS,Hong Kong Attitude,Unified,Kog'Maw,16322,21443.831060408535,12750
LMS,Raise Gaming,LilV,Kog'Maw,5325,8208.859859626751,7350
LMS,AHQ e-Sports Club,An,Kog'Maw,21299,16981.662539531277,10875
LMS,Raise Gaming,LilV,Kog'Maw,9472,21385.603947215885,12725
LMS,Fire Ball,Unified,Lucian,6804,9386.904200861192,8950
LMS,J Team,Bebe,Lucian,29066,19455.923941960496,13625
LMS,Wayi Spider,Breeze,Lucian,10846,12513.12900172907,10375
LMS,Hong Kong Esports,GodKwai,Lucian,4354,5970.078684598402,7375
LMS,AHQ e-Sports Club,An,Lucian,11278,11757.959966161243,10030
LMS,Fire Ball,Enzz,Lucian,9034,11637.396188312938,9975
LMS,Raise Gaming,LilV,Sivir,27990,33903.56110040713,20275
LMS,Raise Gaming,LilV,Sivir,8781,13846.573714793545,10525
LMS,Raise Gaming,LilV,Sivir,6973,10650.9093043058,9125
LMS,Raise Gaming,LilV,Sivir,11030,15593.34174190969,11300
LMS,Machi 17,Dee,Tristana,12482,10391.645849452432,9325
LMS,Machi 17,Dee,Tristana,21405,29202.240884322437,18410
LMS,Flash Wolves,Betty,Tristana,17032,12768.754892181227,10400
LMS,J Team,BeBe,Tristana,14970,8620.657043240106,8525
LMS,J Team,BeBe,Tristana,11683,10557.854417316967,9400
LMS,J Team,BeBe,Tristana,75027,35219.81003349863,21725
LMS,Machi 17,Dee,Tristana,15910,13153.88012792174,10575
LMS,Fire Ball,Enzz,Tristana,6190,6919.991050327205,7750
LMS,Wayi Spider,Breeze,Tristana,32075,23646.14386714217,15550
LMS,Wayi Spider,Breeze,Tristana,20727,21824.058853434824,14650
LMS,Raise Gaming,LilV,Tristana,18784,18656.17491151079,13125
LMS,Wayi Spider,Breeze,Tristana,32765,27855.62851824185,17700
LMS,Wayi Spider,Breeze,Tristana,13339,16633.70477073348,12175
LMS,Wayi Spider,Breeze,Tristana,11769,15933.795374932752,11850
LMS,J Team,BeBe,Tristana,15429,27376.401110445306,17450
LMS,Wayi Spider,Breeze,Tristana,8502,17649.434619971566,12650
LMS,AHQ e-Sports Club,An,Tristana,21825,13538.266053839023,10750
LMS,Machi 17,Dee,Tristana,19217,21002.84458173984,14250
LMS,Machi 17,Dee,Tristana,8613,12327.79921475758,10200
LMS,Flash Wolves,Betty,Tristana,12376,8289.754210117928,8375
LMS,Machi 17,Dee,Tristana,10928,14849.696029440813,11350
LMS,J Team,BeBe,Tristana,14635,25285.149279635567,16375
LMS,J Team,BeBe,Tristana,22902,23495.66306078186,15475
LMS,Fire Ball,Enzz,Tristana,3631,4579.243383171941,6650
LMS,J Team,BeBe,Tristana,8720,9173.289165975159,8775
LMS,J Team,BeBe,Twitch,21574,19190.071432999615,12375
LMS,Hong Kong Attitude,DANDAN,Twitch,10642,13672.222112097781,1e4
LMS,Hong Kong Attitude,GodKwai,Twitch,30476,25664.218972402727,15325
LMS,Fire Ball,Unified,Twitch,7516,8655.426874147346,7900
LMS,Flash Wolves,Betty,Twitch,12819,25398.91895188069,15200
LMS,Hong Kong Attitude,Unified,Twitch,20442,34372.71295664394,19650
LMS,AHQ e-Sports Club,An,Varus,13055,13205.273308938264,11600
LMS,Wayi Spider,Breeze,Varus,19125,19059.41528996667,14575
LMS,Machi 17,Dee,Varus,9638,10227.067893289393,10125
LMS,Flash Wolves,Betty,Varus,13559,13255.474445064287,11625
LMS,Machi 17,Dee,Varus,9555,8760.555767184263,9400
LMS,Machi 17,Dee,Varus,9399,5674.979294201923,7850
LMS,J Team,Bebe,Varus,14136,15449.692479886506,12725
LMS,Machi 17,Dee,Varus,6313,13054.59395416658,11525
LMS,Machi 17,Dee,Varus,5496,9619.725434458218,9825
LMS,Flash Wolves,Betty,Varus,23621,20157.72227532853,15150
LMS,AHQ e-Sports Club,An,Varus,32073,27070.009492486257,18925
LMS,J Team,Bebe,Varus,20710,18770.98380151271,14425
LMS,J Team,Bebe,Varus,19637,20394.924000494007,15275
LMS,Hong Kong Esports,GodKwai,Varus,4456,6805.897841053195,8425
LMS,Hong Kong Esports,GodKwai,Varus,4600,4105.885450162975,7025
LMS,Wayi Spider,Breeze,Varus,18740,20300.110713659098,15225
LMS,Wayi Spider,Breeze,Varus,8352,9366.81518873284,9700
LMS,Raise Gaming,LilV,Varus,56365,37464.019080214486,25200
LMS,AHQ e-Sports Club,An,Varus,7215,9822.133517797005,9925
LMS,AHQ e-Sports Club,LBB,Varus,8493,15053.079972315158,12525
LMS,Hong Kong Attitude,GodKwai,Varus,17768,13806.803289714511,11900
LMS,Fire Ball,Unified,Varus,17298,21009.01047314279,15600
LMS,Machi 17,Dee,Varus,14923,18674.666011166853,14375
LMS,Flash Wolves,Madnesss,Varus,9703,13606.512789418515,11800
LMS,Flash Wolves,Madnesss,Varus,14380,8055.348808396878,9050
LMS,AHQ e-Sports Club,An,Varus,9976,8659.648419271783,9350
LMS,Raise Gaming,LilV,Varus,10374,13155.059413670871,11575
LMS,Machi 17,Dee,Varus,9468,10682.63512647617,10350
LMS,Machi 17,Dee,Varus,19878,20110.21459770071,15125
LMS,Hong Kong Attitude,GodKwai,Varus,19412,16632.479711923555,13325
LMS,Fire Ball,Unified,Varus,16704,15993.151468755266,13e3
LMS,Fire Ball,Unified,Varus,35579,27509.511473478004,19175
LMS,AHQ e-Sports Club,An,Varus,9308,15350.645267307376,12675
LMS,AHQ e-Sports Club,An,Varus,11597,13054.593954166587,11525
LMS,Fire Ball,Unified,Varus,6129,2601.4748637121693,6175
LMS,Fire Ball,Unified,Varus,11714,12702.58584777801,11350
LMS,Flash Wolves,Betty,Varus,10484,11138.013288926204,10575
LMS,Flash Wolves,Betty,Varus,23861,21431.902848431295,15825
LMS,Machi 17,Dee,Varus,24264,24793.567115932972,17650
LMS,Raise Gaming,LilV,Varus,9071,15102.717793031952,12550
LMS,Hong Kong Attitude,GodKwai,Varus,7498,8155.909668931014,9100
LMS,J Team,BeBe,Varus,10374,9923.356377598424,9975
LMS,Flash Wolves,Betty,Varus,15442,21056.089424419202,15625
LMS,Flash Wolves,Betty,Varus,30072,20252.670351258028,15200
LMS,Machi 17,Dee,Varus,27252,24112.77915971035,17275
LMS,Wayi Spider,Breeze,Varus,17484,16288.63056537598,13150
LMS,Wayi Spider,Breeze,Varus,8370,11289.730170984638,10650
LMS,J Team,BeBe,Varus,14038,15251.526968873275,12625
LMS,Machi 17,Dee,Varus,3859,8155.909668931019,9100
LMS,AHQ e-Sports Club,An,Varus,21992,23012.801914976357,16675
LMS,Flash Wolves,Betty,Varus,21952,14904.063540531057,12450
LMS,Machi 17,Dee,Varus,15978,18046.502933080956,14050
LMS,Flash Wolves,Betty,Varus,16009,20300.110713659105,15225
LMS,Flash Wolves,Betty,Varus,37648,33924.643346176555,22975
LMS,Flash Wolves,Betty,Varus,24566,17073.150609607503,13550
LMS,Flash Wolves,Betty,Varus,18774,16288.63056537598,13150
LMS,Raise Gaming,LilV,Varus,7871,9366.815188732837,9700
LMS,Flash Wolves,Betty,Varus,19504,20867.637525843864,15525
LMS,Raise Gaming,LilV,Xayah,20802,16951.067051430342,12725
LMS,Hong Kong Attitude,GodKwai,Xayah,23615,14806.93575176505,11700
LMS,J Team,BeBe,Xayah,13478,15752.574147666754,12150
LMS,Hong Kong Attitude,GodKwai,Xayah,15958,17880.748272068693,13175
LMS,Raise Gaming,LilV,Xayah,16686,14754.215523101419,11675
LMS,Raise Gaming,LilV,Xayah,18150,12524.8308022247,10625
LMS,Raise Gaming,LilV,Xayah,16888,13132.587258523625,10910
LMS,Raise Gaming,LilV,Xayah,14147,15605.901089739704,12080
LMS,Wayi Spider,Breeze,Xayah,65520,43966.513811228426,27875
LMS,Wayi Spider,Breeze,Xayah,19741,19210.05468558853,13825
LMS,Fire Ball,Enzz,Xayah,7265,7177.836131092391,8125
LMS,Fire Ball,Enzz,Xayah,5626,9631.527473145678,9275
LMS,Raise Gaming,LilV,Xayah,7689,11294.3331197766,10050
LMS,Raise Gaming,LilV,Xayah,16956,14384.657669359678,11500
LMS,Raise Gaming,LilV,Xayah,19941,17829.29712291882,13150
LMS,Flash Wolves,Betty,Xayah,13447,16014.084903089424,12275
LMS,Flash Wolves,Betty,Xayah,27412,24019.482549476175,16250
LMS,Hong Kong Attitude,Gemini,Cho'gath,6385,10325.780019643264,11270
LMS,Hong Kong Attitude,Gemini,Cho'gath,8148,10249.303490727934,11200
LMS,Hong Kong Attitude,Gemini,Cho'gath,11528,11638.867295498616,12500
LMS,Hong Kong Attitude,Gemini,Cho'gath,9933,9333.3084383357,10375
LMS,J Team,REFRA1N,Elise,7817,10266.639617759824,10175
LMS,Machi 17,Taizan,Elise,10419,8943.12252767562,9100
LMS,Flash Wolves,Karsa,Elise,47787,15171.66842048653,14600
LMS,AHQ e-Sports Club,Mountain,Elise,12240,11010.617095764092,10800
LMS,Hong Kong Esports,Gemini,Elise,3902,5229.833922793108,6300
LMS,Wayi Spider,Epic,Elise,16029,13490.815046564794,13e3
LMS,Hong Kong Attitude,Gemini,Elise,7383,9193.653082498957,9300
LMS,Hong Kong Attitude,Gemini,Elise,10089,9442.203960093322,9500
LMS,Wayi Spider,Epic,Elise,7663,7166.642006649746,7725
LMS,AHQ e-Sports Club,Mountain,Elise,7107,11390.329600739022,11125
LMS,Hong Kong Attitude,Gemini,Elise,10785,10320.821273032918,10220
LMS,Machi 17,Taizan,Elise,16127,12175.13232025441,11810
LMS,Hong Kong Attitude,once1,Elise,5439,8179.556709375888,8500
LMS,Flash Wolves,Karsa,Elise,11449,11157.231337904363,10925
LMS,Raise Gaming,Laba,Elise,8273,14987.316045378613,14420
LMS,Raise Gaming,Laba,Elise,9684,7791.011733776966,8200
LMS,Machi 17,Taizan,Elise,6057,7823.562524726732,8225
LMS,AHQ e-Sports Club,Mountain,Elise,11559,10356.888812951507,10250
LMS,Wayi Spider,Epic,Elise,10247,12192.087422639494,11825
LMS,Machi 17,Taizan,Elise,14614,14863.76677220351,14300
LMS,Fire Ball,Wind,Elise,9931,10774.534199721807,10600
LMS,J Team,Alex,Elise,7803,12287.98304617644,11910
LMS,J Team,Alex,Elise,9413,8352.930528435001,8635
LMS,Hong Kong Attitude,Gemini,Elise,16114,17193.36327715263,16650
LMS,Wayi Spider,Epic,Elise,10011,11879.689751179805,11550
LMS,Fire Ball,Wind,Elise,1687,6124.478571016128,6950
LMS,Machi 17,Taizan,Elise,20763,14837.961618932239,14275
LMS,Raise Gaming,Laba,Elise,10560,12078.869362798325,11725
LMS,AHQ e-Sports Club,Mountain,Elise,11843,12607.261027673865,12195
LMS,Raise Gaming,Laba,Elise,13451,10786.382463110924,10610
LMS,Raise Gaming,Laba,Elise,14595,13946.779673212079,13425
LMS,Hong Kong Attitude,Gemini,Elise,6577,7693.172089947094,8125
LMS,Hong Kong Attitude,Gemini,Elise,11584,11765.269037477483,11450
LMS,Flash Wolves,Karsa,Elise,10421,10506.710586465118,10375
LMS,Fire Ball,Wulala,Elise,7688,7000.486646948679,7600
LMS,AHQ e-Sports Club,Mountain,Elise,11325,11633.137755112166,11335
LMS,Wayi Spider,Epic,Elise,6467,7856.082075295078,8250
LMS,Raise Gaming,Laba,Elise,11983,7397.972952104497,7900
LMS,J Team,Alex,Elise,12e3,9565.741126192872,9600
LMS,Flash Wolves,Karsa,Elise,9311,8785.530604730902,8975
LMS,Flash Wolves,Karsa,Elise,10281,7791.011733776966,8200
LMS,AHQ e-Sports Club,Mountain,Elise,6696,8854.967010398916,9030
LMS,Wayi Spider,Epic,Elise,15772,11244.856435430129,11e3
LMS,Wayi Spider,Epic,Elise,11733,11793.915607306457,11475
LMS,J Team,Alex,Elise,8090,9206.127541171807,9310
LMS,Machi 17,Taizan,Elise,9149,9193.653082498959,9300
LMS,Wayi Spider,Epic,Elise,6159,9049.840672730104,9185
LMS,Wayi Spider,Epic,Elise,13819,11332.22537305211,11075
LMS,Wayi Spider,Epic,Elise,6362,7299.015759972211,7825
LMS,Hong Kong Attitude,Gemini,Elise,12243,15602.397221279109,15025
LMS,Wayi Spider,Epic,Elise,12460,9162.445277619821,9275
LMS,Wayi Spider,Epic,Elise,10924,8880.17921170171,9050
LMS,AHQ e-Sports Club,Mountain,Elise,12708,10145.889724238983,10075
LMS,Flash Wolves,Karsa,Elise,38310,16125.88405351794,15550
LMS,Raise Gaming,Laba,Elise,3986,5575.953300291141,6550
LMS,Machi 17,Taizan,Elise,17360,11010.61709576409,10800
LMS,Wayi Spider,Epic,Elise,9099,7856.082075295078,8250
LMS,Flash Wolves,Karsa,Elise,11145,12107.214529609284,11750
LMS,J Team,Breaker,Elise,9384,11793.915607306455,11475
LMS,Flash Wolves,Karsa,Elise,9195,12557.077923829955,12150
LMS,Raise Gaming,Laba,Gragas,19737,13807.26210857322,16250
LMS,Raise Gaming,Laba,Gragas,4074,6929.8690008488,9225
LMS,AHQ e-Sports Club,Mountain,Gragas,9547,7256.019736214562,9525
LMS,AHQ e-Sports Club,Mountain,Gragas,10958,10338.296299965703,12510
LMS,Machi 17,Taizan,Gragas,11231,11909.626965571353,14150
LMS,AHQ e-Sports Club,Mountain,Gragas,4247,5766.0019563286705,8175
LMS,Machi 17,Taizan,Gragas,8366,5990.25047283832,8375
LMS,Raise Gaming,Laba,Gragas,7e3,11486.625127357205,13700
LMS,Raise Gaming,Laba,Gragas,7077,7793.007970673995,10025
LMS,AHQ e-Sports Club,Mountain,Gragas,8279,9409.620199672492,11580
LMS,AHQ e-Sports Club,Mountain,Gragas,8320,7925.952907643447,10150
LMS,Flash Wolves,REFRA1N,Gragas,4755,4743.9949730010285,7275
LMS,Flash Wolves,REFRA1N,Gragas,8108,9631.846542725814,11800
LMS,Raise Gaming,Laba,Gragas,5412,9201.111222170406,11375
LMS,Raise Gaming,Laba,Gragas,6674,9702.222400726609,11870
LMS,Raise Gaming,Laba,Gragas,6674,9702.222400726609,11870
LMS,Fire Ball,Wulala,Gragas,4401,7038.912048820538,9325
LMS,Flash Wolves,Karsa,Gragas,6815,5001.277018980682,7500
LMS,Machi 17,Taizan,Gragas,6491,4915.633113917476,7425
LMS,Hong Kong Attitude,Gemini,Gragas,9631,11057.53040808406,13250
LMS,Flash Wolves,Karsa,Gragas,6609,8426.36619710196,10625
LMS,Flash Wolves,Karsa,Gragas,13829,10279.223573828973,12450
LMS,Raise Gaming,Laba,Gragas,13640,14046.926307049001,16525
LMS,Raise Gaming,Laba,Gragas,3463,4226.7038121294145,6825
LMS,Flash Wolves,Karsa,Gragas,9356,9877.46337855953,12045
LMS,Hong Kong Attitude,Gemini,Gragas,7788,5285.838474297838,7750
LMS,AHQ e-Sports Club,Mountain,Gragas,3123,6710.815430673189,9025
LMS,Wayi Spider,Epic,Gragas,4259,8084.795861922623,10300
LMS,Wayi Spider,Epic,Gragas,6300,4341.91971207236,6925
LMS,Flash Wolves,Karsa,Gragas,5111,7787.679298607009,10020
LMS,J Team,Alex,Gragas,15922,13785.376971905147,16225
LMS,AHQ e-Sports Club,Mountain,Gragas,4668,5540.636886813723,7975
LMS,AHQ e-Sports Club,Mountain,Gragas,6569,9073.288961015904,11250
LMS,Hong Kong Attitude,Gemini,Gragas,5858,6296.681719357964,8650
LMS,Hong Kong Attitude,Gemini,Gragas,5565,7417.987414810857,9675
LMS,Fire Ball,Wulala,Gragas,7734,9656.99915655529,11825
LMS,Flash Wolves,Karsa,Gragas,4028,6545.689139743408,8875
LMS,Hong Kong Attitude,Gemini,Gragas,6248,7093.311638272811,9375
LMS,Fire Ball,Wulala,Gragas,7158,5737.891299199392,8150
LMS,AHQ e-Sports Club,Mountain,Gragas,8969,7337.096449087644,9600
LMS,AHQ e-Sports Club,Mountain,Gragas,11455,11296.67691035885,13500
LMS,Hong Kong Attitude,Gemini,Gragas,5723,7093.311638272811,9375
LMS,Hong Kong Attitude,Gemini,Gragas,7036,5597.07985809218,8025
LMS,Machi 17,Taizan,Gragas,4183,5766.0019563286705,8175
LMS,Machi 17,Taizan,Gragas,7363,5737.891299199392,8150
LMS,Machi 17,Taizan,Gragas,4689,5934.295806598176,8325
LMS,Flash Wolves,Karsa,Gragas,20284,12918.868988661494,15250
LMS,Hong Kong Attitude,GodKwai,Gragas,10402,10180.513568234586,12350
LMS,J Team,Alex,Gragas,11215,6655.852356207958,8975
LMS,AHQ e-Sports Club,Mountain,Graves,8935,11236.779536371874,12025
LMS,Wayi Spider,Epic,Graves,4365,6431.7731399241475,7850
LMS,Wayi Spider,Epic,Graves,9189,7347.860299892413,8600
LMS,eXtreme Gamers,Pony,Graves,7997,11791.653400642013,12550
LMS,Hong Kong Esports,Gemini,Graves,10527,13122.47660677512,13850
LMS,Flash Wolves,Karsa,Graves,17161,12653.320272333804,13385
LMS,Machi 17,Taizan,Graves,10770,10535.221244847346,11375
LMS,Fire Ball,Wind,Graves,21501,21947.222483413963,24130
LMS,AHQ e-Sports Club,Mountain,Graves,11492,11686.757789283645,12450
LMS,Fire Ball,Wind,Graves,4188,4570.398910896751,6375
LMS,Hong Kong Esports,Wulala,Graves,6983,7045.020210534618,8350
LMS,Hong Kong Attitude,Gemini,Graves,9876,8064.118170013108,9200
LMS,Fire Ball,Wulala,Graves,8228,10752.833000983348,11575
LMS,Hong Kong Attitude,once1,Graves,6685,9309.78977362562,10275
LMS,Fire Ball,Wulala,Graves,21441,20331.09338931895,22012
LMS,Hong Kong Attitude,Gemini,Graves,10266,12284.899913524327,13025
LMS,Hong Kong Attitude,Gemini,Graves,15364,14965.133779382913,15750
LMS,Hong Kong Attitude,Gemini,Graves,12559,12026.32113319735,12775
LMS,Fire Ball,Wulala,Graves,9644,9024.395455574786,10025
LMS,Wayi Spider,Epic,Graves,6209,6862.09396838516,8200
LMS,Fire Ball,Wind,Graves,8448,9053.051406975272,10050
LMS,Raise Gaming,Laba,Ivern,11264,5998.615914320665,11200
LMS,Raise Gaming,Laba,Ivern,3738,3345.8072762540246,8100
LMS,Flash Wolves,Karsa,Ivern,5264,5239.144945899388,10300
LMS,Machi 17,Taizan,Ivern,8056,6477.043981275372,11775
LMS,Machi 17,Taizan,Ivern,4807,2657.4733027059847,7300
LMS,Fire Ball,Wind,Jarvan IV,10595,9953.30351484138,12525
LMS,Flash Wolves,Karsa,Jarvan IV,6225,9516.44537063049,12075
LMS,AHQ e-Sports Club,Mountain,Jarvan IV,8198,9246.417512906086,11800
LMS,J Team,Alex,Jarvan IV,6315,7185.319341741187,9775
LMS,AHQ e-Sports Club,Mountain,Jarvan IV,3763,4558.085317447279,7350
LMS,Machi 17,Taizan,Jarvan IV,2664,5605.32562655707,8300
LMS,Hong Kong Attitude,Gemini,Jarvan IV,9329,9856.757326339244,12425
LMS,Wayi Spider,Epic,Jarvan IV,6103,8719.378291716988,11270
LMS,AHQ e-Sports Club,Mountain,Jarvan IV,7106,7524.753212182017,10100
LMS,Raise Gaming,Laba,Jarvan IV,5807,8523.258314505398,11075
LMS,Flash Wolves,Karsa,Jarvan IV,4342,5139.205506105205,7875
LMS,Hong Kong Attitude,GodKwai,Jarvan IV,10356,11594.92655393114,14275
LMS,Hong Kong Attitude,GodKwai,Jarvan IV,6770,10696.061062168217,13305
LMS,Raise Gaming,Laba,Jarvan IV,6377,7524.753212182017,10100
LMS,Flash Wolves,Karsa,Jarvan IV,10361,8568.622618154817,11120
LMS,Flash Wolves,Karsa,Jarvan IV,4859,5687.125258258897,8375
LMS,Raise Gaming,Laba,Jarvan IV,6466,8341.16528142799,10895
LMS,Raise Gaming,Laba,Jarvan IV,6436,4251.852288228206,7075
LMS,Raise Gaming,Laba,Jarvan IV,3580,6842.642296278787,9450
LMS,Fire Ball,Wind,Kha'zix,8654,11467.347286844573,11475
LMS,AHQ e-Sports Club,Mountain,Kha'zix,16662,13274.474697092079,13125
LMS,Wayi Spider,Epic,Kha'zix,10720,12980.873911929973,12850
LMS,Hong Kong Esports,Wulala,Kha'zix,7548,10868.480881487078,10950
LMS,eXtreme Gamers,Pony,Kha'zix,5825,12324.451347746357,12245
LMS,Flash Wolves,Karsa,Kha'zix,10405,11183.667254688004,11225
LMS,Hong Kong Esports,Gemini,Kha'zix,4910,5216.781713582982,6450
LMS,Wayi Spider,Epic,Kha'zix,12803,10579.051951880585,10700
LMS,J Team,REFRA1N,Kha'zix,13692,11155.150540448958,11200
LMS,eXtreme Gamers,Pony,Kha'zix,4534,7236.754076177256,7975
LMS,eXtreme Gamers,Pony,Kha'zix,5979,7042.597027650483,7825
LMS,Fire Ball,Wind,Kha'zix,16854,15787.542838939447,15595
LMS,AHQ e-Sports Club,Mountain,Kha'zix,22704,17404.63399438078,17300
LMS,J Team,REFRA1N,Kha'zix,11644,12247.549806481002,12175
LMS,AHQ e-Sports Club,Mountain,Kha'zix,9652,8503.987332392588,8975
LMS,AHQ e-Sports Club,Mountain,Kha'zix,11481,10080.583286702378,10275
LMS,Machi 17,Taizan,Kha'zix,18500,16323.75597031806,16150
LMS,Machi 17,Taizan,Kha'zix,9259,10257.447760017567,10425
LMS,J Team,Alex,Kha'zix,13732,11495.567469939648,11500
LMS,AHQ e-Sports Club,Mountain,Kha'zix,5747,8813.359348802558,9225
LMS,AHQ e-Sports Club,Mountain,Kha'zix,11325,12082.083919497469,12025
LMS,Fire Ball,Wulala,Kha'zix,15529,13034.474512037983,12900
LMS,Wayi Spider,Epic,Kha'zix,13525,11212.156809669208,11250
LMS,J Team,Alex,Kha'zix,14517,14800.968680289296,14600
LMS,Wayi Spider,Epic,Kha'zix,9840,14725.239803481862,14525
LMS,Fire Ball,Wulala,Kha'zix,6228,8128.8112416657805,8675
LMS,Wayi Spider,Epic,Kha'zix,7175,7139.806371415478,7900
LMS,Fire Ball,Wind,Kha'zix,15754,12846.443431767308,12725
LMS,Flash Wolves,REFRA1N,Kha'zix,13819,11860.01388263797,11825
LMS,J Team,Alex,Kha'zix,10250,10462.499197792247,10600
LMS,AHQ e-Sports Club,Mountain,Kha'zix,13051,13565.169059751712,13400
LMS,AHQ e-Sports Club,Mountain,Kha'zix,11286,13327.542803683133,13175
LMS,Raise Gaming,Laba,Kha'zix,7800,9663.886227877889,9925
LMS,Fire Ball,Wind,Kha'zix,13934,10257.447760017567,10425
LMS,Wayi Spider,Epic,Kha'zix,27028,21047.60901168143,21500
LMS,J Team,Breaker,Kha'zix,12143,12548.517344578198,12450
LMS,J Team,Alex,Kha'zix,16103,16347.680719372409,16175
LMS,Raise Gaming,Laba,Kha'zix,12647,10021.400183661572,10225
LMS,Wayi Spider,Epic,Lee Sin,6088,5024.629638747636,8250
LMS,Wayi Spider,Epic,Lee Sin,11402,8987.878558841483,12250
LMS,eXtreme Gamers,Pony,Lee Sin,3060,6267.219579320054,9460
LMS,Hong Kong Esports,Gemini,Lee Sin,5365,3213.868956701282,6525
LMS,J Team,REFRA1N,Lee Sin,4284,7429.246069389478,10625
LMS,Wayi Spider,Epic,Lee Sin,10585,8847.08194116462,12100
LMS,Flash Wolves,Karsa,Lee Sin,11774,14476.528347365165,18675
LMS,J Team,REFRA1N,Lee Sin,13806,13364.12179757969,17275
LMS,J Team,REFRA1N,Lee Sin,7395,8658.382307140415,11900
LMS,Flash Wolves,Karsa,Lee Sin,6854,6418.843226314229,9610
LMS,Flash Wolves,Karsa,Lee Sin,7711,5567.787789196394,8775
LMS,J Team,Alex,Lee Sin,9955,4738.0215740507465,7975
LMS,Hong Kong Attitude,Gemini,Lee Sin,5817,6760.369264765067,9950
LMS,Wayi Spider,Epic,Lee Sin,11456,10046.810748735134,13400
LMS,Raise Gaming,Laba,Lee Sin,8154,6332.993489316709,9525
LMS,Flash Wolves,Karsa,Lee Sin,8337,11954.14533180796,15575
LMS,Machi 17,Taizan,Lee Sin,3721,6835.296005515358,10025
LMS,Wayi Spider,Epic,Lee Sin,10912,10850.790666057848,14300
LMS,J Team,Alex,Lee Sin,14205,8964.455717734148,12225
LMS,Fire Ball,Wind,Lee Sin,5527,5747.528856261282,8950
LMS,Hong Kong Attitude,Gemini,Lee Sin,3674,2353.3913903229964,5700
LMS,J Team,Alex,Lee Sin,10068,10429.12547057931,13825
LMS,J Team,Alex,Lee Sin,10068,10429.12547057931,13825
LMS,Fire Ball,Wulala,Lee Sin,10671,4319.068623122313,7575
LMS,Machi 17,Taizan,Lee Sin,5051,4214.023324702948,7475
LMS,Wayi Spider,Epic,Lee Sin,5560,9613.7925076194515,12925
LMS,AHQ e-Sports Club,Mountain,Lee Sin,6508,7158.233926862303,10350
LMS,Flash Wolves,Karsa,Lee Sin,6114,6028.539258816088,9225
LMS,AHQ e-Sports Club,Mountain,Lee Sin,4063,8444.765557809402,11675
LMS,Fire Ball,Wind,Lee Sin,7891,7133.493986322635,10325
LMS,AHQ e-Sports Club,Mountain,Lee Sin,4549,10696.124770286353,14125
LMS,AHQ e-Sports Club,Mountain,Lee Sin,4644,6610.068839043526,9800
LMS,J Team,Alex,Lee Sin,8412,6810.337066794364,1e4
LMS,Fire Ball,Wulala,Lee Sin,5530,6130.272716671855,9325
LMS,Fire Ball,Wind,Lee Sin,6640,4816.314902957463,8050
LMS,Raise Gaming,Laba,Maokai,9758,7869.08892467546,8445
LMS,Wayi Spider,Epic,Maokai,15241,8629.38525313747,9050
LMS,Raise Gaming,Laba,Maokai,6691,6183.541754299729,7150
LMS,Machi 17,Taizan,Maokai,9815,9668.06855780451,9900
LMS,Hong Kong Attitude,Gemini,Maokai,5807,7136.780045086183,7875
LMS,Machi 17,Taizan,Maokai,22532,14513.250683886794,14275
LMS,Flash Wolves,Karsa,Maokai,8112,9877.694091145648,10075
LMS,Fire Ball,Wind,Nidalee,5235,6605.811778833023,6900
LMS,Raise Gaming,Laba,Nidalee,5793,5995.319260309161,6475
LMS,Fire Ball,Wind,Rek'Sai,3943,3966.7148825989198,7175
LMS,Wayi Spider,Epic,Rek'Sai,5306,6597.75870849971,9700
LMS,Machi 17,Taizan,Rek'Sai,10909,10405.602433651016,13675
LMS,J Team,Alex,Rek'Sai,6170,7051.048150311063,10150
LMS,Fire Ball,Wulala,Rek'Sai,2733,4997.297858237979,8150
LMS,Hong Kong Attitude,Gemini,Rek'Sai,6259,7449.296192837759,10550
LMS,Wayi Spider,Epic,Rek'Sai,5705,4491.495442626175,7670
LMS,Wayi Spider,Epic,Rek'Sai,4141,3887.028584494315,7100
LMS,Flash Wolves,Karsa,Rek'Sai,7508,5075.971025727939,8225
LMS,J Team,Alex,Rek'Sai,7140,5752.939108115733,8875
LMS,Machi 17,Taizan,Rek'Sai,8922,10315.19598809994,13575
LMS,Machi 17,Taizan,Rek'Sai,4364,6950.793685866453,10050
LMS,Machi 17,Taizan,Rek'Sai,3301,5856.244886353183,8975
LMS,Fire Ball,Wulala,Rek'Sai,6785,5882.033920681282,9e3
LMS,Fire Ball,Wulala,Rek'Sai,7263,5075.971025727939,8225
LMS,Flash Wolves,Karsa,Rek'Sai,12383,8902.533794679732,12050
LMS,Raise Gaming,Laba,Rek'Sai,6783,7195.927215140176,10295
LMS,Machi 17,Taizan,Rek'Sai,7322,7671.343088410346,10775
LMS,Raise Gaming,Laba,Rek'Sai,5267,3913.593835386667,7125
LMS,Hong Kong Attitude,Gemini,Rek'Sai,7831,6318.080402499481,9425
LMS,Wayi Spider,Epic,Rek'Sai,6831,7867.518996097988,10975
LMS,Flash Wolves,Karsa,Rek'Sai,7695,8009.0383470496,11120
LMS,Flash Wolves,Karsa,Rek'Sai,7821,7891.961397454349,11e3
LMS,Fire Ball,Wind,Rengar,2032,4693.5058552535775,7400
LMS,J Team,REFRA1N,Rengar,13638,8758.330668281007,11200
LMS,Machi 17,Taizan,Rengar,7949,8808.851060948267,11250
LMS,Machi 17,Taizan,Rengar,6223,8269.268828397111,10720
LMS,eXtreme Gamers,Pony,Rengar,5436,8016.7993821016025,10475
LMS,Machi 17,Taizan,Rengar,5415,4889.2893930071195,7575
LMS,Machi 17,Taizan,Rengar,11705,5967.516758531433,8550
LMS,Machi 17,Taizan,Rengar,4885,7913.198233024981,10375
LMS,Fire Ball,Wind,Rengar,9270,4749.5022681042155,7450
LMS,J Team,Alex,Rengar,11949,8682.400478264164,11125
LMS,J Team,Alex,Rengar,16924,11767.18421673237,14325
LMS,J Team,Alex,Rengar,13823,9334.517270972565,11775
LMS,J Team,Alex,Rengar,5094,6510.6526085916,9050
LMS,Machi 17,Taizan,Rengar,2581,4159.59355774827,6925
LMS,J Team,Alex,Sejuani,15575,7982.44361249328,10600
LMS,Raise Gaming,Laba,Sejuani,6751,4597.300834788596,7425
LMS,J Team,Alex,Sejuani,9560,8053.768925830957,10670
LMS,Machi 17,Taizan,Sejuani,10259,12575.698316028345,15450
LMS,Hong Kong Attitude,Gemini,Sejuani,2616,5174.974673813444,7950
LMS,Raise Gaming,Laba,Sejuani,6394,6231.080298199896,8925
LMS,Raise Gaming,Laba,Sejuani,4823,5556.841058079954,8300
LMS,Flash Wolves,Karsa,Sejuani,10397,7494.438228194633,10125
LMS,Raise Gaming,Laba,Sejuani,9874,7951.829029284571,10570
LMS,AHQ e-Sports Club,Mountain,Sejuani,8325,9380.071253047501,12e3
LMS,AHQ e-Sports Club,Mountain,Sejuani,5017,6630.455249262302,9300
LMS,Raise Gaming,Laba,Sejuani,2726,4900.5532721566315,7700
LMS,J Team,Alex,Zac,10013,8481.777063331627,11925
LMS,Wayi Spider,Epic,Zac,8461,5356.921874974922,8725
LMS,Machi 17,Taizan,Zac,10427,8784.10798069902,12250
LMS,Wayi Spider,Epic,Zac,6289,5000.426190459515,8375
LMS,Wayi Spider,Epic,Zac,5737,7219.847036945701,10600
LMS,Flash Wolves,Karsa,Zac,4614,5128.010867749212,8500
LMS,Machi 17,Taizan,Zac,4676,5306.138285754551,8675
LMS,Hong Kong Attitude,Gemini,Zac,7077,7509.678872727488,10900
LMS,Flash Wolves,REFRA1N,Zac,3162,3816.31695002309,7225
LMS,Flash Wolves,Karsa,Zac,4580,5937.129126510818,9300
LMS,Machi 17,Taizan,Zac,5181,6706.96082185051,10075
LMS,Fire Ball,Wind,Zac,5865,12486.967963682335,16500
LMS,AHQ e-Sports Club,Mountain,Zac,4434,4693.133438353799,8075
LMS,Wayi Spider,Epic,Zac,11968,11865.798041975391,15750
LMS,J Team,Alex,Zac,7341,3997.3352749741457,7400
LMS,Machi 17,Taizan,Zac,14630,14886.014215265694,19550
LMS,Machi 17,Taizan,Zac,7101,6037.278328739121,9400
LMS,J Team,Alex,Zac,3930,9629.163580034818,13175
LMS,J Team,Alex,Zac,10910,7605.757945603333,11e3
LMS,J Team,Alex,Zac,6739,3376.54410528621,6800
LMS,J Team,Fofo,Ahri,10780,15432.636526587461,12100
LMS,J Team,Fofo,Ahri,22806,15615.440327395905,12200
LMS,Flash Wolves,Maple,Ahri,23603,15386.868734152735,12075
LMS,Hong Kong Esports,Gear,Ahri,9385,8505.758990069378,8450
LMS,Machi 17,Apex,Ahri,11037,14419.63618691908,11550
LMS,AHQ e-Sports Club,Westdoor,Ahri,19232,15194.353050567617,11970
LMS,AHQ e-Sports Club,Westdoor,Ahri,14615,15019.768695079414,11875
LMS,Machi 17,Apex,Ahri,12909,15341.074264000115,12050
LMS,Wayi Spider,Wako,Ahri,8190,13525.33537220179,11070
LMS,Machi 17,Apex,Ahri,11535,16972.694416702074,12950
LMS,Machi 17,Apex,Ahri,23272,22447.078625047092,16125
LMS,Machi 17,Apex,Cassiopeia,7956,10094.610228221592,9045
LMS,Machi 17,Apex,Cassiopeia,37649,25091.058242639177,17325
LMS,Flash Wolves,Maple,Cassiopeia,12659,19390.302207767145,13975
LMS,Fire Ball,KuKu,Cassiopeia,6251,13712.264250047894,10900
LMS,Flash Wolves,Maple,Cassiopeia,30590,23314.863407864854,16250
LMS,Wayi Spider,Wako,Cassiopeia,32654,45271.12939053303,31885
LMS,Machi 17,Apex,Cassiopeia,14949,9260.985433406699,8625
LMS,Machi 17,Apex,Cassiopeia,33364,23832.067724963836,16560
LMS,Fire Ball,KuKu,Cassiopeia,8492,9955.941167401408,8975
LMS,AHQ e-Sports Club,Westdoor,Cassiopeia,13856,8185.055944017753,8085
LMS,Machi 17,Apex,Cassiopeia,17443,20053.178643424304,14350
LMS,Flash Wolves,Maple,Cassiopeia,17623,13376.487100602242,10725
LMS,AHQ e-Sports Club,Westdoor,Cassiopeia,6890,8713.450634038858,8350
LMS,Flash Wolves,Maple,Cassiopeia,18570,14427.430873033769,11275
LMS,Machi 17,Apex,Cassiopeia,10587,16581.939309499132,12425
LMS,Raise Gaming,wuji,Cassiopeia,9492,8962.460545774436,8475
LMS,Raise Gaming,wuji,Cassiopeia,21843,17999.941299521797,13200
LMS,J Team,FoFo,Cassiopeia,17168,13347.647238814016,10710
LMS,Machi 17,Apex,Corki,34232,29565.35614178794,16308
LMS,Fire Ball,KuKu,Corki,6105,14277.122492424378,9053
LMS,Wayi Spider,Wako,Corki,59840,34063.649724782226,18788
LMS,Wayi Spider,Wako,Corki,13018,23507.81558138369,13233
LMS,J Team,FoFo,Corki,25275,23970.884657420313,13458
LMS,Hong Kong Attitude,M1ssion,Corki,16960,17402.561905903523,10408
LMS,AHQ e-Sports Club,Westdoor,Corki,7204,17796.882670363848,10583
LMS,Wayi Spider,Wako,Corki,11913,15861.46555823821,9733
LMS,Flash Wolves,Maple,Corki,27315,15049.916247627494,9383
LMS,J Team,FoFo,Corki,25984,20388.72802625866,11758
LMS,J Team,FoFo,Corki,21244,19132.46610108696,11183
LMS,J Team,FoFo,Corki,34556,27628.485786165424,15293
LMS,J Team,FoFo,Corki,83927,37048.38383447797,20533
LMS,AHQ e-Sports Club,Westdoor,Corki,23670,23919.59482451621,13433
LMS,Machi 17,Apex,Corki,28752,20280.40090101479,11708
LMS,Machi 17,Apex,Corki,19308,18467.84104977251,10883
LMS,Hong Kong Attitude,M1ssion,Corki,13650,15224.526384505745,9458
LMS,AHQ e-Sports Club,Westdoor,Corki,9623,18412.16996879668,10858
LMS,Wayi Spider,Wako,Corki,30219,25940.15273812647,14433
LMS,J Team,FoFo,Corki,39814,28809.06944100273,15908
LMS,Flash Wolves,Maple,Corki,24055,21035.0675366912,12058
LMS,Machi 17,Apex,Corki,12117,18133.15440673364,10733
LMS,Hong Kong Attitude,M1ssion,Corki,53179,29846.663037379847,16458
LMS,Machi 17,Apex,Corki,10929,18300.695797634988,10808
LMS,Raise Gaming,wuji,Corki,17404,19517.248264174737,11358
LMS,Raise Gaming,wuji,Corki,16611,22267.225236277,12638
LMS,Wayi Spider,Wako,Corki,15962,18021.23999055573,10683
LMS,Machi 17,Apex,Corki,15275,23765.482374660613,13358
LMS,Hong Kong Attitude,M1ssion,Corki,17800,27705.939300414735,15333
LMS,Hong Kong Attitude,M1ssion,Corki,18926,22676.391844948033,12833
LMS,J Team,FoFo,Corki,28938,24022.134078761726,13483
LMS,Raise Gaming,wuji,Corki,12027,15746.046054416904,9683
LMS,Machi 17,Apex,Corki,14906,15224.526384505745,9458
LMS,Hong Kong Attitude,M1ssion,Corki,40399,34273.441641297,18908
LMS,Hong Kong Attitude,M1ssion,Corki,27652,22256.700338752406,12633
LMS,Hong Kong Attitude,M1ssion,Corki,25164,25541.068407441744,14233
LMS,Hong Kong Attitude,M1ssion,Corki,14789,18634.590385834796,10958
LMS,Machi 17,Apex,Corki,38684,29659.26335694575,16358
LMS,Flash Wolves,Maple,Corki,24772,13994.312229459036,8933
LMS,J Team,FoFo,Corki,29435,27821.943756033816,15393
LMS,J Team,FoFo,Corki,34694,29424.234996430467,16233
LMS,J Team,FoFo,Corki,49144,35140.20798671912,19408
LMS,Flash Wolves,Maple,Corki,41973,29046.37532082648,16033
LMS,Flash Wolves,Maple,Corki,19424,18021.23999055572,10683
LMS,Flash Wolves,Maple,Corki,28980,24175.640357363285,13558
LMS,J Team,FoFo,Corki,15440,15398.752537789363,9533
LMS,Fire Ball,Wulala,Corki,11307,15976.7118887064,9783
LMS,Flash Wolves,Maple,Corki,19750,26336.77497244797,14633
LMS,Wayi Spider,Wako,Ekko,16891,17673.428004848414,14900
LMS,eXtreme Gamers,SiuSiu,Ekko,8315,12170.300714990286,11560
LMS,J Team,Fofo,Ekko,14e3,16389.793186020346,14100
LMS,Wayi Spider,Wako,Ekko,11727,18480.00634882097,15410
LMS,J Team,FoFo,Ekko,18946,18817.2948183049,15625
LMS,J Team,FoFo,Ekko,21959,14381.226337307558,12875
LMS,Fire Ball,KuKu,Ekko,12179,15100.332690171366,13310
LMS,AHQ e-Sports Club,Westdoor,Ekko,8032,15657.927429192774,13650
LMS,Fire Ball,KuKu,Ekko,25673,24552.879823384657,19450
LMS,Raise Gaming,wuji,Galio,20708,22230.218311884084,17975
LMS,AHQ e-Sports Club,Westdoor,Galio,10305,8468.641276205932,9475
LMS,AHQ e-Sports Club,Westdoor,Galio,15431,11179.090072282794,11050
LMS,AHQ e-Sports Club,Chawy,Galio,13188,12028.76082880634,11550
LMS,Fire Ball,Wind,Galio,12470,15190.51032406269,13450
LMS,Hong Kong Attitude,M1ssion,Galio,9483,8165.582060087518,9300
LMS,Hong Kong Attitude,M1ssion,Galio,18206,13831.591554303182,12625
LMS,Flash Wolves,Maple,Galio,13553,15026.991226709111,13350
LMS,Fire Ball,KuKu,Galio,6889,11477.20787941518,11225
LMS,Flash Wolves,Maple,Galio,8796,13448.818729038345,12395
LMS,AHQ e-Sports Club,Westdoor,Galio,7661,16807.00734086722,14450
LMS,Flash Wolves,Maple,Galio,11818,15435.158137200962,13600
LMS,Flash Wolves,Maple,Galio,8395,15679.044692314133,13750
LMS,Flash Wolves,Maple,Galio,11698,10709.136176439915,10775
LMS,J Team,FoFo,Galio,12636,10366.295560969726,10575
LMS,Fire Ball,KuKu,Galio,9606,9065.502722893152,9820
LMS,AHQ e-Sports Club,Westdoor,Galio,10470,10597.806235081964,10710
LMS,Raise Gaming,wuji,Galio,12746,11986.434078045691,11525
LMS,Wayi Spider,Wako,Jayce,18106,19206.89666671508,12250
LMS,Flash Wolves,Maple,Jayce,43254,28506.446056437137,17200
LMS,Hong Kong Attitude,M1ssion,Jayce,17380,16848.648709422763,11100
LMS,Hong Kong Attitude,M1ssion,Jayce,40511,30614.727079450848,18425
LMS,J Team,FoFo,Karma,18443,20027.573657497454,14375
LMS,J Team,FoFo,Karma,20097,18114.72871842438,13300
LMS,Machi 17,Apex,Karma,4814,9956.409963404669,9e3
LMS,AHQ e-Sports Club,Chawy,Karma,17080,18474.601345282645,13500
LMS,J Team,FoFo,Karma,30176,20769.35886152817,14800
LMS,Fire Ball,KuKu,Karma,7232,9530.977862038206,8785
LMS,Hong Kong Attitude,M1ssion,Karma,8992,5692.884457518509,6850
LMS,AHQ e-Sports Club,Westdoor,Karma,15973,19010.97898699265,13800
LMS,Fire Ball,KuKu,Karma,19609,17906.972291307586,13185
LMS,AHQ e-Sports Club,Westdoor,Karma,13210,15600.444106888719,11930
LMS,AHQ e-Sports Club,Westdoor,Karma,12580,12278.09181872371,10185
LMS,Hong Kong Attitude,M1ssion,Kassadin,10751,14769.11757034785,10775
LMS,AHQ e-Sports Club,Westdoor,Kassadin,18090,17047.711806282066,11925
LMS,AHQ e-Sports Club,Westdoor,Kassadin,8557,12187.532924857931,9510
LMS,Flash Wolves,Maple,Kassadin,11854,11824.762054327774,9335
LMS,Wayi Spider,Wako,Kassadin,38834,31911.999070467522,20450
LMS,Hong Kong Attitude,M1ssion,Kassadin,19113,24532.23825964777,15975
LMS,Hong Kong Attitude,M1ssion,Kassadin,13286,8598.780297307047,7800
LMS,Hong Kong Attitude,M1ssion,Kassadin,30373,22939.903207943345,15075
LMS,AHQ e-Sports Club,Westdoor,Kassadin,16525,12425.229702231018,9625
LMS,AHQ e-Sports Club,Westdoor,Kassadin,19217,21491.30029907452,14275
LMS,AHQ e-Sports Club,Westdoor,Kassadin,15880,9993.86291787532,8460
LMS,Wayi Spider,Wako,Kassadin,16756,15340.096505011996,11060
LMS,Wayi Spider,Wako,Kassadin,24534,21856.434131286336,14475
LMS,Wayi Spider,Wako,Kassadin,29836,27269.72450873732,17575
LMS,Hong Kong Attitude,M1ssion,Kassadin,15561,19493.965189803144,13200
LMS,Hong Kong Attitude,M1ssion,Kassadin,17264,15220.229806327688,11e3
LMS,Hong Kong Attitude,M1ssion,Kassadin,26542,28225.638738207464,18150
LMS,Wayi Spider,Wako,LeBlanc,27337,22644.002995959774,13975
LMS,Hong Kong Attitude,M1ssion,LeBlanc,19279,17406.935419219535,11350
LMS,Wayi Spider,Wako,LeBlanc,26691,24629.026692537445,15025
LMS,Wayi Spider,Wako,LeBlanc,10982,11715.008830912311,8700
LMS,Flash Wolves,Maple,LeBlanc,17171,11493.012194696274,8600
LMS,Hong Kong Attitude,M1ssion,LeBlanc,20339,21530.978081574864,13400
LMS,Flash Wolves,Maple,LeBlanc,25055,18282.2523616631,11775
LMS,Fire Ball,Wind,LeBlanc,7789,10152.468228434745,8e3
LMS,Flash Wolves,Maple,LeBlanc,20446,17147.45248157342,11225
LMS,Flash Wolves,Maple,Lucian,21929,14912.375848726031,11325
LMS,Machi 17,Apex,Lucian,11043,12128.637522781988,9900
LMS,Hong Kong Esports,Gear,Malzahar,6262,16140.144542695622,10400
LMS,Machi 17,Apex,Malzahar,8543,12031.801833089268,8560
LMS,AHQ e-Sports Club,Westdoor,Malzahar,21331,19231.428226880416,11850
LMS,Raise Gaming,wuji,Malzahar,56108,43461.17878645558,25930
LMS,Raise Gaming,wuji,Malzahar,14668,6342.048631782698,6110
LMS,AHQ e-Sports Club,Westdoor,Malzahar,21821,18865.387568646434,11675
LMS,AHQ e-Sports Club,Westdoor,Malzahar,25537,26207.873144925485,15375
LMS,Machi 17,Apex,Malzahar,19030,14099.521014156562,9475
LMS,Raise Gaming,wuji,Malzahar,30345,24303.002676855234,14375
LMS,Machi 17,Apex,Orianna,7982,19381.564887580407,14035
LMS,Hong Kong Esports,Gear,Orianna,26852,21325.176459390754,15150
LMS,eXtreme Gamers,Chingz,Orianna,4736,8358.631921254977,8210
LMS,J Team,Fofo,Orianna,19724,19231.100891649017,13950
LMS,AHQ e-Sports Club,Chawy,Orianna,9992,14847.141818781478,11550
LMS,Hong Kong Attitude,M1ssion,Orianna,14911,15688.950700981017,12e3
LMS,Wayi Spider,Wako,Orianna,16579,10287.582955752841,9185
LMS,Hong Kong Attitude,M1ssion,Orianna,13879,15502.658291988182,11900
LMS,Fire Ball,Wind,Orianna,12618,14988.064182395492,11625
LMS,J Team,FoFo,Orianna,26005,27782.882098278045,19100
LMS,Raise Gaming,wuji,Orianna,19331,11444.01312573098,9775
LMS,Raise Gaming,wuji,Orianna,11446,11882.100140007513,1e4
LMS,Wayi Spider,Wako,Orianna,23564,26247.843178037176,18125
LMS,Raise Gaming,wuji,Orianna,24509,28247.881527457877,19400
LMS,Raise Gaming,wuji,Orianna,22012,16245.13844808132,12300
LMS,AHQ e-Sports Club,Chawy,Orianna,13364,20155.212807247186,14475
LMS,Raise Gaming,wuji,Orianna,13673,23688.07676731315,16550
LMS,Raise Gaming,wuji,Orianna,14816,24683.37408754067,17155
LMS,Raise Gaming,wuji,Orianna,14816,24683.37408754067,17155
LMS,J Team,FoFo,Orianna,16523,13376.79539387144,10775
LMS,Hong Kong Attitude,M1ssion,Orianna,27120,29939.472078045223,20510
LMS,Raise Gaming,wuji,Orianna,10083,19319.648809983544,14e3
LMS,Raise Gaming,wuji,Orianna,18537,17545.21734906618,13010
LMS,AHQ e-Sports Club,Chawy,Orianna,20036,21710.671780703997,15375
LMS,AHQ e-Sports Club,Chawy,Orianna,20641,14611.725315415637,11425
LMS,J Team,FoFo,Orianna,17836,12289.366248630833,10210
LMS,Hong Kong Attitude,M1ssion,Orianna,17222,17345.29867251276,12900
LMS,Wayi Spider,Wako,Orianna,9580,9498.271884928241,8785
LMS,Wayi Spider,Wako,Orianna,9843,14865.94570106376,11560
LMS,Raise Gaming,wuji,Orianna,13733,12386.095629764852,10260
LMS,J Team,FoFo,Orianna,14184,17345.298672512767,12900
LMS,Raise Gaming,wuji,Orianna,11199,16198.944206180538,12275
LMS,Fire Ball,KuKu,Orianna,9061,11004.242040619958,9550
LMS,Hong Kong Attitude,M1ssion,Orianna,13707,16013.885391198955,12175
LMS,Fire Ball,KuKu,Orianna,14206,18608.084389287826,13600
LMS,Hong Kong Attitude,M1ssion,Orianna,9942,11023.821515634849,9560
LMS,Machi 17,Apex,Orianna,17847,10366.302133413661,9225
LMS,Wayi Spider,Wako,Orianna,15449,20155.212807247186,14475
LMS,Machi 17,Apex,Orianna,13644,20023.95845050431,14400
LMS,Raise Gaming,wuji,Orianna,21511,21110.04662603774,15025
LMS,Wayi Spider,Wako,Orianna,20444,12800.95170855005,10475
LMS,Flash Wolves,Maple,Orianna,35935,23563.624988928703,16475
LMS,Hong Kong Attitude,M1ssion,Orianna,18573,17208.674096312592,12825
LMS,Fire Ball,M1ssion,Syndra,13037,11828.77275673192,9560
LMS,Fire Ball,M1ssion,Syndra,28786,24264.26963563679,16200
LMS,Wayi Spider,Wako,Syndra,6266,14705.420377468945,11e3
LMS,AHQ e-Sports Club,Chawy,Syndra,20318,19970.442369422555,13775
LMS,Flash Wolves,Maple,Syndra,10883,17314.290627440194,12350
LMS,J Team,Fofo,Syndra,36088,24648.791929556966,16425
LMS,eXtreme Gamers,SiuSiu,Syndra,11845,12887.978170834207,10085
LMS,Fire Ball,M1ssion,Syndra,38343,34133.37849868716,22425
LMS,AHQ e-Sports Club,Chawy,Syndra,45581,27929.03094717895,18400
LMS,AHQ e-Sports Club,Chawy,Syndra,15720,16020.992707374506,11675
LMS,Wayi Spider,Wako,Syndra,34514,22527.27036376468,15200
LMS,Wayi Spider,Wako,Syndra,19961,14557.898192534794,10925
LMS,Machi 17,Apex,Syndra,64291,30646.958775529747,20115
LMS,Raise Gaming,wuji,Syndra,20236,19188.772000278324,13350
LMS,Hong Kong Attitude,M1ssion,Syndra,18063,22041.423084612405,14925
LMS,Hong Kong Attitude,M1ssion,Syndra,18668,20289.728627775614,13950
LMS,Fire Ball,Wind,Syndra,14457,28090.734089290945,18500
LMS,Machi 17,Apex,Syndra,12647,16377.687792124101,11860
LMS,Hong Kong Attitude,M1ssion,Syndra,16240,22041.423084612394,14925
LMS,Fire Ball,KuKu,Syndra,24300,23877.455856658376,15975
LMS,Fire Ball,KuKu,Syndra,13509,11909.862500968493,9600
LMS,Machi 17,Apex,Syndra,6698,14901.702152882346,11100
LMS,Wayi Spider,Wako,Syndra,29282,29803.618786870633,19575
LMS,Hong Kong Attitude,M1ssion,Syndra,20278,25132.597144886688,16710
LMS,Flash Wolves,Maple,Syndra,12726,18538.347002386075,13e3
LMS,Fire Ball,KuKu,Syndra,4248,10994.195382411943,9150
LMS,Machi 17,Apex,Syndra,30666,26744.283114821785,17675
LMS,Fire Ball,KuKu,Syndra,23608,22571.261405067984,15225
LMS,Wayi Spider,Wako,Syndra,20810,20244.208010199665,13925
LMS,Hong Kong Attitude,M1ssion,Syndra,14797,16598.568541157496,11975
LMS,Machi 17,Apex,Taliyah,20331,19369.717594917573,12400
LMS,Machi 17,Apex,Taliyah,10333,14763.353307145919,10170
LMS,Wayi Spider,Wako,Taliyah,13933,19937.586795351286,12685
LMS,Fire Ball,MarS,Taliyah,7818,11211.175280194422,8535
LMS,Flash Wolves,Maple,Taliyah,15605,19569.505306104893,12500
LMS,Flash Wolves,Maple,Taliyah,15290,14293.464163913579,9950
LMS,Raise Gaming,wuji,Taliyah,31207,26569.376396404994,16200
LMS,J Team,FoFo,Taliyah,17877,19169.34970488467,12300
LMS,Flash Wolves,Maple,Taliyah,27549,34328.19740047316,20800
LMS,Raise Gaming,wuji,Taliyah,20031,32024.22282931683,19375
LMS,Raise Gaming,wuji,Taliyah,25572,18362.058792492422,11900
LMS,AHQ e-Sports Club,Chawy,Taliyah,9400,16511.514214891955,11e3
LMS,Machi 17,Apex,Taliyah,21243,17030.29285212547,11250
LMS,Wayi Spider,Wako,Taliyah,11207,19619.361704926323,12525
LMS,J Team,FoFo,Taliyah,27253,26254.719629944673,16025
LMS,AHQ e-Sports Club,Chawy,Taliyah,23786,19489.65977650213,12460
LMS,Flash Wolves,Maple,Taliyah,12297,12399.010841971922,9075
LMS,J Team,FoFo,Taliyah,20940,31694.071010410124,19175
LMS,Flash Wolves,Maple,Taliyah,22773,23633.666704157302,14600
LMS,Machi 17,Apex,Taliyah,5366,17442.694736476366,11450
LMS,AHQ e-Sports Club,Westdoor,Taliyah,14203,25620.743526419657,15675
LMS,Machi 17,Apex,Taliyah,47734,33344.07245955385,20185
LMS,J Team,FoFo,Taliyah,21083,18321.449335275625,11880
LMS,Raise Gaming,wuji,Taliyah,17363,13161.543620270912,9425
LMS,Flash Wolves,Maple,Taliyah,31415,19219.496124032266,12325
LMS,J Team,FoFo,Taliyah,12070,13128.990028230839,9410
LMS,Raise Gaming,wuji,Taliyah,15267,19219.49612403228,12325
LMS,Fire Ball,Wind,Taliyah,9418,15621.287748826802,10575
LMS,Wayi Spider,Wako,Taliyah,20668,14078.998638450845,9850
LMS,J Team,FoFo,Taliyah,11731,26703.758126629506,16275
LMS,Wayi Spider,Wako,Taliyah,21872,19018.692458402402,12225
LMS,Raise Gaming,wuji,Taliyah,13529,11155.875816381184,8510
LMS,Wayi Spider,Wako,Taliyah,27267,23209.9630552291,14375
LMS,Flash Wolves,Maple,Taliyah,22152,23304.357109797413,14425
LMS,AHQ e-Sports Club,Westdoor,Taliyah,12404,18968.400668074202,12200
LMS,Flash Wolves,Maple,Taliyah,15122,17133.612043423847,11300
LMS,Raise Gaming,wuji,Taliyah,10115,11299.601028605135,8575
LMS,eXtreme Gamers,SiuSiu,Talon,13089,19453.930140876608,14645
LMS,Flash Wolves,Maple,Talon,15381,22329.152789189644,16375
LMS,Hong Kong Esports,KuKu,Talon,7603,8183.252544688353,8450
LMS,AHQ e-Sports Club,Chawy,Viktor,16936,19083.570138647752,12185
LMS,Hong Kong Esports,Gear,Viktor,37429,33553.034174712506,20195
LMS,Fire Ball,M1ssion,Viktor,11182,12020.987540647728,8850
LMS,Wayi Spider,Wako,Viktor,30810,28690.861331270167,17300
LMS,Machi 17,Apex,Viktor,24351,23465.576849859033,14425
LMS,Fire Ball,Wind,Viktor,11471,12703.302683436017,9160
LMS,J Team,FoFo,Viktor,36861,35236.3904466282,21250
LMS,J Team,FoFo,Viktor,36861,35236.3904466282,21250
LMS,J Team,FoFo,Viktor,27522,21447.210468802874,13375
LMS,Flash Wolves,Maple,Viktor,11721,17375.476895741605,11350
LMS,Raise Gaming,wuji,Viktor,25371,26199.384797881838,15900
LMS,Raise Gaming,wuji,Viktor,11759,17240.78332201874,11285
LMS,Fire Ball,KuKu,Viktor,12114,17220.039092682866,11275
LMS,Raise Gaming,wuji,Viktor,19294,17323.701201037195,11325
LMS,Fire Ball,Wulala,Viktor,9218,6015.7502409764165,6175
LMS,Raise Gaming,wuji,Viktor,13343,19164.362427827105,12225
LMS,Wayi Spider,Wako,Vladimir,5383,11321.608755044956,9325
LMS,eXtreme Gamers,SiuSiu,Vladimir,20051,24434.776466132305,16325
LMS,eXtreme Gamers,SiuSiu,Vladimir,16030,14475.258126417293,10900
LMS,Hong Kong Esports,Gear,Vladimir,9816,7639.750121004142,7535
LMS,Fire Ball,MarS,Vladimir,32977,25240.520348250964,16800
LMS,J Team,Fofo,Vladimir,14170,19242.680621079275,13400
LMS,Fire Ball,KuKu,Vladimir,19575,21108.50521157709,14425
LMS,Fire Ball,KuKu,Vladimir,7591,9807.63029353293,8585
LMS,J Team,Jay,Alistar,3383,4285.168367532781,8300
LMS,Wayi Spider,K,Alistar,4401,4411.743832973225,8525
LMS,J Team,Jay,Alistar,5652,4411.743832973227,8525
LMS,Wayi Spider,K,Alistar,2400,2960.5183108857814,6100
LMS,J Team,Jay,Alistar,2412,5192.2561353722895,9975
LMS,Raise Gaming,Koala,Alistar,3863,2453.7262240435293,5325
LMS,Machi 17,Dreamer,Alistar,3599,5040.808635019593,9685
LMS,Flash Wolves,SwordArt,Alistar,7224,4228.413870110793,8200
LMS,Flash Wolves,SwordArt,Alistar,2357,3522.281899565256,7e3
LMS,Machi 17,Dreamer,Alistar,5451,4578.142064223185,8825
LMS,J Team,Jay,Alistar,2898,4822.8218015956045,9275
LMS,J Team,Jay,Alistar,1971,5022.378984536024,9650
LMS,Flash Wolves,SwordArt,Alistar,3262,3552.66143646613,7050
LMS,J Team,Jay,Alistar,2402,2701.610096659234,5700
LMS,AHQ e-Sports Club,Albis,Bard,9717,8232.110266765545,8450
LMS,Raise Gaming,Koala,Bard,9765,10055.20200451418,11025
LMS,Raise Gaming,Koala,Bard,9765,10055.20200451418,11025
LMS,AHQ e-Sports Club,Albis,Bard,5459,9260.580985154662,9850
LMS,Hong Kong Attitude,Kaiwing,Blitzcrank,4870,4908.968849109392,7975
LMS,Raise Gaming,Koala,Blitzcrank,4746,5659.598279427595,9210
LMS,J Team,Jay,Blitzcrank,11403,8240.69024017886,14205
LMS,Hong Kong Attitude,Kaiwing,Blitzcrank,3656,4718.066964950259,7675
LMS,Hong Kong Attitude,Kaiwing,Blitzcrank,4783,5476.257990044523,8900
LMS,Hong Kong Attitude,Kaiwing,Blitzcrank,3731,5491.164916319239,8925
LMS,Wayi Spider,K,Blitzcrank,5647,4441.4342442658135,7250
LMS,Hong Kong Attitude,Kaiwing,Blitzcrank,2091,3777.538039527422,6275
LMS,Machi 17,Dreamer,Blitzcrank,5534,3528.63257733388,5925
LMS,J Team,Jay,Blitzcrank,5022,7038.117219146358,11725
LMS,Raise Gaming,Koala,Blitzcrank,3980,4605.054473461974,7500
LMS,Machi 17,Dreamer,Braum,8860,7033.380932821522,12075
LMS,Raise Gaming,Koala,Braum,4854,4506.963487663627,7575
LMS,Raise Gaming,Koala,Braum,6389,5663.924941443682,9500
LMS,AHQ e-Sports Club,Albis,Braum,4247,4649.086547951155,7800
LMS,Fire Ball,SkuLL,Braum,4553,5018.783668131571,8400
LMS,Hong Kong Attitude,Kaiwing,Braum,4416,3401.0619138496922,5925
LMS,Raise Gaming,Koala,Braum,4095,4085.092913378989,6925
LMS,Machi 17,Dreamer,Braum,2511,3023.834435951327,5400
LMS,Fire Ball,SkuLL,Braum,5182,7472.691878847536,12975
LMS,Raise Gaming,Koala,Braum,5032,4988.4769615584,8350
LMS,Machi 17,Dreamer,Braum,4319,4281.931629306409,7225
LMS,Hong Kong Attitude,Kaiwing,Braum,4200,5777.0073456867085,9700
LMS,Hong Kong Attitude,Kaiwing,Braum,6772,8022.436097318715,14155
LMS,J Team,Jay,Braum,7369,5578.292747504053,9350
LMS,Fire Ball,SkuLL,Braum,2219,4330.565288215857,7300
LMS,J Team,Jay,Braum,6701,5833.087728695763,9800
LMS,J Team,Jay,Braum,6701,5833.087728695763,9800
LMS,J Team,Jay,Braum,3703,4742.760553663409,7950
LMS,Flash Wolves,SwordArt,Braum,5817,4134.651921686819,7e3
LMS,Flash Wolves,SwordArt,Braum,5703,5198.7749966755655,8700
LMS,Flash Wolves,SwordArt,Braum,5906,5094.1626419191625,8525
LMS,AHQ e-Sports Club,Albis,Braum,6063,4973.290111311437,8325
LMS,Fire Ball,SkuLL,Braum,4646,7460.732016153805,12950
LMS,Fire Ball,SkuLL,Braum,4612,5168.994009494817,8650
LMS,Raise Gaming,Koala,Braum,7756,5375.675243602927,9e3
LMS,Flash Wolves,SwordArt,Braum,5457,5692.3118471993575,9550
LMS,Hong Kong Attitude,Kaiwing,Braum,5709,3884.478940483989,6625
LMS,Hong Kong Attitude,Kaiwing,Braum,3607,4866.350813913513,8150
LMS,AHQ e-Sports Club,Albis,Braum,4622,4314.379347595187,7275
LMS,Wayi Spider,Zest,Braum,3353,4664.75802194881,7825
LMS,Wayi Spider,Zest,Braum,2805,2671.3963420053096,4925
LMS,Wayi Spider,Zest,Braum,2994,3489.000229901427,6050
LMS,Raise Gaming,Koala,Braum,4271,2424.177921664534,4600
LMS,AHQ e-Sports Club,Albis,Braum,4390,5302.335596888376,8875
LMS,AHQ e-Sports Club,Albis,Braum,4668,5033.90365359554,8425
LMS,Raise Gaming,Koala,Braum,6850,4633.391260111559,7775
LMS,Raise Gaming,Koala,Braum,6033,3679.974177367461,6325
LMS,Fire Ball,SkuLL,Braum,2022,3593.5892822909004,6200
LMS,Fire Ball,SkuLL,Braum,3261,2876.733984194851,5200
LMS,AHQ e-Sports Club,Albis,Braum,2379,4085.092913378991,6925
LMS,Fire Ball,SkuLL,Braum,4879,5621.197669439593,9425
LMS,Flash Wolves,SwordArt,Braum,7512,5404.865569166859,9050
LMS,Flash Wolves,SwordArt,Braum,3431,4362.861677817565,7350
LMS,Machi 17,Dreamer,Braum,4660,6337.920835358217,10725
LMS,Machi 17,Dreamer,Braum,2817,4151.119472474989,7025
LMS,Raise Gaming,Koala,Braum,3181,4151.119472474989,7025
LMS,Machi 17,Dreamer,Braum,4947,4314.379347595187,7275
LMS,Machi 17,Dreamer,Braum,4808,5018.783668131571,8400
LMS,Raise Gaming,Koala,Braum,4960,2895.2245830421793,5225
LMS,Machi 17,Dreamer,Braum,2400,3401.0619138496927,5925
LMS,Raise Gaming,Koala,Braum,7738,5018.783668131571,8400
LMS,Machi 17,Dreamer,Braum,3723,4101.638710534299,6950
LMS,Flash Wolves,SwordArt,Braum,5249,5003.64145894727,8375
LMS,Flash Wolves,SwordArt,Braum,9915,6430.729000715995,10900
LMS,Hong Kong Attitude,Kaiwing,Braum,4538,7045.834335085219,12100
LMS,Fire Ball,SkuLL,Braum,3824,3918.1817348519357,6675
LMS,Raise Gaming,Koala,Braum,3914,3096.6789881896675,5500
LMS,Raise Gaming,Koala,Braum,2965,4085.092913378989,6925
LMS,J Team,Jay,Janna,1448,1433.2762967476735,6500
LMS,Wayi Spider,K,Janna,1702,2833.0385298586175,9975
LMS,Hong Kong Attitude,Kaiwing,Janna,1533,3200.4577090626053,10950
LMS,Hong Kong Attitude,Kaiwing,Janna,1882,2194.5187962219384,8350
LMS,Hong Kong Attitude,Kaiwing,Janna,1207,1971.4266713972486,7800
LMS,Raise Gaming,Koala,Janna,1015,922.0678567275579,5275
LMS,Hong Kong Attitude,Kaiwing,Janna,2145,1910.0383395026142,7650
LMS,Fire Ball,SkuLL,Janna,2843,2364.59251279193,8775
LMS,Flash Wolves,SwordArt,Janna,1395,2756.201772922522,9775
LMS,AHQ e-Sports Club,Albis,Janna,2121,2304.806510120095,8625
LMS,AHQ e-Sports Club,Albis,Karma,6023,6121.07805987599,7200
LMS,AHQ e-Sports Club,Albis,Karma,6078,8007.1151800898,9850
LMS,Wayi Spider,K,Karma,4622,5580.846517706502,6525
LMS,Wayi Spider,K,Karma,5401,4967.25256780346,5800
LMS,eXtreme Gamers,SuKi,Karma,7946,8104.4641237364285,1e4
LMS,Hong Kong Esports,Veki,Karma,6298,8120.603474748095,10025
LMS,Wayi Spider,K,Karma,7346,7017.178069376354,8400
LMS,eXtreme Gamers,SuKi,Karma,3936,5182.989716003014,6050
LMS,Flash Wolves,SwordArt,Karma,15842,8578.432589458733,10750
LMS,AHQ e-Sports Club,Albis,Karma,9437,9819.291169340993,12875
LMS,AHQ e-Sports Club,Albis,Karma,7484,6314.2236360635925,7450
LMS,J Team,Jay,Karma,6483,5246.839510693768,6125
LMS,Wayi Spider,K,Karma,13054,8485.287295330349,10600
LMS,Flash Wolves,SwordArt,Karma,6322,8987.986991782009,11425
LMS,Wayi Spider,K,Karma,6346,6781.971298206098,8075
LMS,Flash Wolves,SwordArt,Karma,7025,8023.401467206,9875
LMS,Hong Kong Attitude,Kaiwing,Karma,7876,6789.287638642945,8085
LMS,Fire Ball,SkuLL,Karma,4677,6198.76795192946,7300
LMS,Machi 17,Dreamer,Karma,3544,5415.19593159139,6325
LMS,Hong Kong Attitude,Kaiwing,Karma,10385,8248.853674470569,10225
LMS,Fire Ball,SkuLL,Lulu,1413,2598.845598896373,5275
LMS,J Team,Jay,Lulu,6604,4360.551604947457,8025
LMS,Machi 17,Dreamer,Lulu,2181,3815.0640380574105,7125
LMS,Hong Kong Esports,Veki,Lulu,3714,4521.68630481938,8300
LMS,eXtreme Gamers,SuKi,Lulu,4089,5688.613594553203,10425
LMS,eXtreme Gamers,SuKi,Lulu,2235,3451.198367268795,6550
LMS,eXtreme Gamers,SuKi,Lulu,5275,3354.2183172525083,6400
LMS,Hong Kong Esports,Veki,Lulu,2279,2086.080063098668,4550
LMS,Machi 17,Dreamer,Lulu,3426,3418.967707585985,6500
LMS,Wayi Spider,K,Lulu,5262,5372.291565321794,9825
LMS,Machi 17,Dreamer,Lulu,1818,3752.6682700670003,7025
LMS,Machi 17,Dreamer,Lulu,2257,3531.357400589568,6675
LMS,Fire Ball,SkuLL,Lulu,6011,6108.320076027009,11250
LMS,J Team,Jay,Lulu,3145,4870.394476789592,8910
LMS,J Team,Jay,Lulu,3401,4864.771931638639,8900
LMS,Fire Ball,SkuLL,Lulu,1390,2353.743720481965,4925
LMS,Flash Wolves,SwordArt,Lulu,2090,3610.923962153838,6800
LMS,Flash Wolves,SwordArt,Lulu,5640,3705.629444679696,6950
LMS,Machi 17,Dreamer,Lulu,5912,5087.314770184285,9300
LMS,Hong Kong Attitude,Kaiwing,Lulu,4597,3783.91208811486,7075
LMS,Hong Kong Attitude,Kaiwing,Lulu,8789,3984.7753263356044,7400
LMS,Flash Wolves,SwordArt,Lulu,3336,4091.3633895705984,7575
LMS,Fire Ball,SkuLL,Lulu,3817,4680.35028790887,8575
LMS,Fire Ball,SkuLL,Lulu,7295,6045.811849389151,11125
LMS,Fire Ball,SkuLL,Lulu,3110,2353.7437204819666,4925
LMS,Machi 17,Dreamer,Lulu,2255,2771.010450500554,5525
LMS,Machi 17,Dreamer,Lulu,4433,2957.5496764316595,5800
LMS,Machi 17,Dreamer,Lulu,2845,5142.207369617757,9400
LMS,Fire Ball,SkuLL,Lulu,3917,4434.105415964644,8150
LMS,Fire Ball,SkuLL,Lulu,2936,2957.5496764316595,5800
LMS,Hong Kong Attitude,Kaiwing,Lulu,1823,2623.0959903049884,5310
LMS,J Team,Jay,Lulu,5172,3705.629444679697,6950
LMS,Machi 17,Dreamer,Lulu,4450,3373.6835640213917,6430
LMS,Hong Kong Attitude,Kaiwing,Lulu,2705,2466.371917484228,5085
LMS,Wayi Spider,K,Lulu,3376,3402.8164250123896,6475
LMS,Flash Wolves,SwordArt,Lulu,3360,7071.931961783689,13275
LMS,J Team,Jay,Malzahar,6099,9183.044219235953,7875
LMS,J Team,Jay,Malzahar,8740,10244.01530753084,9150
LMS,Fire Ball,SkuLL,Malzahar,14572,14677.974199566741,15950
LMS,AHQ e-Sports Club,Albis,Malzahar,5719,9420.614865648367,8150
LMS,Flash Wolves,SwordArt,Morgana,6913,8939.032628366776,10550
LMS,Fire Ball,SkuLL,Nami,6298,6822.937737496172,10025
LMS,eXtreme Gamers,SuKi,Nami,3564,3280.900383287203,4950
LMS,AHQ e-Sports Club,Albis,Nami,4013,5054.619064522464,7275
LMS,AHQ e-Sports Club,Albis,Nami,4920,4877.777967086917,7025
LMS,Hong Kong Attitude,Kaiwing,Nami,12089,7370.185792409962,10975
LMS,Machi 17,Dreamer,Rakan,6046,5585.419517323712,9450
LMS,AHQ e-Sports Club,Albis,Rakan,4840,5585.419517323712,9450
LMS,Wayi Spider,K,Rakan,7184,8610.136673210645,15630
LMS,Wayi Spider,K,Rakan,4700,9855.244036749527,18725
LMS,Raise Gaming,Koala,Rakan,1901,2950.833700820818,5350
LMS,Fire Ball,SkuLL,Rakan,2994,2804.175574599653,5150
LMS,Fire Ball,SkuLL,Rakan,3212,3238.612439842503,5750
LMS,Wayi Spider,Zest,Rakan,5154,2822.608977325126,5175
LMS,J Team,Jay,Rakan,5761,5384.837919312531,9100
LMS,Flash Wolves,SwordArt,Rakan,6290,3893.196626564216,6700
LMS,Flash Wolves,SwordArt,Rakan,6027,3622.4325270522604,6300
LMS,J Team,Jay,Rakan,4500,3309.411371062933,5850
LMS,AHQ e-Sports Club,Albis,Rakan,4296,3639.5587622208986,6325
LMS,AHQ e-Sports Club,Albis,Rakan,3742,4091.8057547300127,7e3
LMS,AHQ e-Sports Club,Albis,Rakan,5846,5613.758200919971,9500
LMS,Raise Gaming,Koala,Rakan,7493,5297.6648982129655,8950
LMS,J Team,Jay,Tahm Kench,3941,3758.739145842111,7475
LMS,J Team,Jay,Tahm Kench,2889,3846.6631771527304,7625
LMS,Wayi Spider,K,Tahm Kench,5352,2773.709449181412,5875
LMS,Flash Wolves,SwordArt,Tahm Kench,3152,2676.8181572591006,5725
LMS,Hong Kong Attitude,Kaiwing,Tahm Kench,4391,2513.6006341612197,5475
LMS,J Team,Jay,Tahm Kench,3767,3168.966949683576,6500
LMS,AHQ e-Sports Club,Albis,Tahm Kench,3739,4606.42753122765,8975
LMS,Fire Ball,SkuLL,Tahm Kench,1869,2644.347248033177,5675
LMS,AHQ e-Sports Club,Albis,Tahm Kench,6089,4887.482925187503,9500
LMS,AHQ e-Sports Club,Albis,Tahm Kench,4420,3199.99967872265,6550
LMS,J Team,Jay,Tahm Kench,2942,3277.2034409736684,6675
LMS,Raise Gaming,Koala,Tahm Kench,3828,2917.573960280784,6100
LMS,AHQ e-Sports Club,Albis,Tahm Kench,3849,3445.164092070455,6950
LMS,J Team,Jay,Tahm Kench,4010,3832.0598250767334,7600
LMS,Machi 17,Dreamer,Tahm Kench,3517,2837.867695604445,5975
LMS,Raise Gaming,Koala,Taric,4869,2477.8614772014366,7525
LMS,Raise Gaming,Koala,Taric,3079,2214.145831765161,6975
LMS,AHQ e-Sports Club,Albis,Taric,2351,2701.3490370449376,8e3
LMS,Fire Ball,SkuLL,Taric,605,844.858506827427,4225
LMS,J Team,Jay,Thresh,6934,6776.6791802408,13075
LMS,Wayi Spider,K,Thresh,4933,5222.482693343574,9880
LMS,Raise Gaming,Koala,Thresh,6205,6855.452890241521,13250
LMS,Machi 17,Dreamer,Thresh,3636,3785.949619545837,7325
LMS,Hong Kong Attitude,Kaiwing,Thresh,3540,3618.8665373100935,7050
LMS,Hong Kong Attitude,Kaiwing,Thresh,4416,3861.035439184066,7450
LMS,AHQ e-Sports Club,Albis,Thresh,3910,3245.054079285956,6450
LMS,Wayi Spider,K,Thresh,2716,4513.637050421424,8575
LMS,Machi 17,Dreamer,Thresh,2332,5880.780567755854,11175
LMS,Wayi Spider,K,Thresh,5099,6087.992451531644,11600
LMS,AHQ e-Sports Club,Albis,Thresh,3312,3323.9971933045676,6575
LMS,AHQ e-Sports Club,Albis,Thresh,4403,3649.440815103077,7100
LMS,Raise Gaming,Koala,Thresh,5858,5917.650061669184,11250
LMS,Fire Ball,SkuLL,Thresh,3344,3386.7449277935607,6675
LMS,Wayi Spider,K,Thresh,2060,2390.1213727635054,5150
LMS,Machi 17,Dreamer,Thresh,2149,4156.131897172667,7950
LMS,Machi 17,Dreamer,Thresh,6639,6075.917590687072,11575
LMS,J Team,Jay,Thresh,6451,5074.446880034896,9600
LMS,Flash Wolves,SwordArt,Thresh,3200,4329.270803642475,8250
LMS,Flash Wolves,SwordArt,Thresh,2332,2508.7987372344674,5325
LMS,Fire Ball,SkuLL,Thresh,2424,3603.5465595833957,7025
LMS,Fire Ball,SkuLL,Thresh,2271,2693.0622618669618,5600
LMS,Flash Wolves,SwordArt,Thresh,2998,2988.6039125676266,6050
LMS,Hong Kong Attitude,Kaiwing,Thresh,4417,7208.2232735971165,14050
LMS,Hong Kong Attitude,Kaiwing,Thresh,3658,6267.448884512581,11975
LMS,AHQ e-Sports Club,Albis,Thresh,5465,4329.2708036424765,8250
LMS,Flash Wolves,SwordArt,Thresh,6761,5389.101848030337,10200
LMS,Machi 17,Dreamer,Thresh,2027,3692.098219640433,7170
LMS,Machi 17,Dreamer,Thresh,5949,5206.723094715079,9850
LMS,Raise Gaming,Koala,Thresh,7232,3740.6412041919184,7250
LMS,Raise Gaming,Koala,Thresh,3367,3618.8665373100926,7050
LMS,Raise Gaming,Koala,Thresh,3884,5453.4626526305865,10325
LMS,Raise Gaming,Koala,Thresh,6009,8051.9306689355035,16075
LMS,Wayi Spider,K,Thresh,3207,3664.695196987029,7125
LMS,J Team,Jay,Thresh,4120,3740.6412041919184,7250
LMS,Flash Wolves,SwordArt,Thresh,3716,3770.8683127801937,7300
LMS,AHQ e-Sports Club,Albis,Thresh,3200,3355.4161139683893,6625
LMS,Flash Wolves,SwordArt,Thresh,2086,4513.637050421418,8575
LMS,Flash Wolves,SwordArt,Thresh,3822,2742.836819986012,5675
LMS,Flash Wolves,SwordArt,Thresh,2402,4329.270803642478,8250
LMS,Machi 17,Dreamer,Thresh,3828,4994.258069324562,9450
LMS,J Team,Jay,Thresh,6526,4083.1332407866144,7825
LMS,Hong Kong Attitude,Kaiwing,Thresh,2137,4053.7904469359596,7775
LMS,Wayi Spider,K,Thresh,6730,4357.849064818,8300
LMS,Fire Ball,SkuLL,Thresh,5468,3846.0608890001995,7425
LMS,Machi 17,Dreamer,Thresh,2771,2956.1344308659263,6e3
LMS,Hong Kong Attitude,Kaiwing,Thresh,4791,5311.334514979203,10050
LMS,Wayi Spider,K,Thresh,4040,3831.0650766150216,7400
LMS,Raise Gaming,Koala,Thresh,3175,3740.6412041919193,7250
LMS,Fire Ball,SkuLL,Thresh,5062,2923.5728131195547,5950
LMS,Fire Ball,SkuLL,Thresh,3607,3875.988772155817,7475
LMS,Wayi Spider,K,Thresh,4117,5363.244562664283,10150
LMS,Wayi Spider,K,Thresh,2341,3292.4879183421526,6525
LMS,J Team,Jay,Thresh,4058,4243.0613593417065,8100
LMS,AHQ e-Sports Club,Albis,Thresh,6213,4845.604529531604,9175
LMS,Wayi Spider,K,Thresh,2663,2988.603912567626,6050
LMS,Flash Wolves,SwordArt,Thresh,3776,2693.062261866965,5600
LMS,Machi 17,Dreamer,Thresh,1936,2965.88494751682,6015
LMS,Machi 17,Dreamer,Thresh,9488,6373.653249785355,12200
LMS,Hong Kong Attitude,Kaiwing,Thresh,4300,4343.5697672093775,8275
LMS,Hong Kong Attitude,Kaiwing,Thresh,6971,5719.475721252936,10850
LMS,Raise Gaming,Koala,Thresh,2356,4471.381206562848,8500
LMS,Flash Wolves,SwordArt,Thresh,4273,4112.393942003292,7875
LMS,Raise Gaming,Koala,Thresh,2845,2825.3349388159286,5800
LMS,Fire Ball,SkuLL,Thresh,7294,3433.569766388481,6750
LMS,Flash Wolves,SwordArt,Thresh,3780,4485.485660568519,8525
LMS,Wayi Spider,K,Zyra,7335,9927.846992593237,6175
LMS,Wayi Spider,K,Zyra,9215,12530.460299345421,8700
LMS,Wayi Spider,K,Zyra,9758,13869.786784073274,10235
LMS,Flash Wolves,SwordArt,Zyra,12512,12164.734259805196,8310
LMS,Hong Kong Esports,Veki,Zyra,7366,8620.328486415441,5110
LMS,Flash Wolves,SwordArt,Zyra,39944,18561.232104259212,17125
LMS,Fire Ball,SkuLL,Zyra,7540,8652.877688555891,5135
LMS,J Team,Jay,Zyra,17271,14046.04397451023,10450
LMS,Wayi Spider,Zest,Zyra,10210,9927.84699259324,6175
LMS,Wayi Spider,K,Zyra,10531,11468.087738751623,7600
LMS,Fire Ball,SkuLL,Zyra,12501,12722.79658708342,8910
LMS,J Team,Jay,Zyra,17478,16189.213168699447,13325
LMS,Machi 17,Dreamer,Zyra,10895,11417.416201956328,7550
LMS,Wayi Spider,K,Zyra,7641,12804.281223291742,9e3
LMS,Wayi Spider,K,Zyra,13991,14622.345200086429,11175
LMS,Flash Wolves,SwordArt,Zyra,8324,11108.616877562676,7250
LMS,J Team,Jay,Zyra,20310,12916.53614359402,9125
LMS,Wayi Spider,K,Zyra,20832,15098.417441980788,11800
LMS,Wayi Spider,K,Zyra,17841,14315.70321761815,10785
LMS,Machi 17,Dreamer,Zyra,17769,14387.14855610333,10875
LMS,Wayi Spider,K,Zyra,12008,11056.333681780172,7200
LMS,Flash Wolves,SwordArt,Zyra,15522,12035.437585331372,8175
LMS,Flash Wolves,SwordArt,Zyra,14967,10924.571436862483,7075
LMS,Wayi Spider,Rins,Camille,9773,16978.33348008665,15908
LMS,Wayi Spider,Rins,Camille,4278,8029.643882627444,8333
LMS,Machi 17,3z,Camille,13886,13723.989946143973,12908
LMS,J Team,Morning,Camille,14625,13437.120018552052,12658
LMS,AHQ e-Sports Club,Ziv,Camille,17397,13130.196715022967,12393
LMS,Raise Gaming,Pk,Camille,13667,10920.693456525445,10558
LMS,Machi 17,3z,Camille,15263,13118.556810482623,12383
LMS,Raise Gaming,Pk,Camille,32400,28040.810535758756,28708
LMS,Raise Gaming,Pk,Camille,11354,11199.818654802782,10783
LMS,Wayi Spider,Nexus,Camille,19701,14457.975398225868,13558
LMS,Wayi Spider,Nexus,Camille,11315,10920.693456525445,10558
LMS,AHQ e-Sports Club,Ziv,Camille,9091,15392.894078225223,14408
LMS,AHQ e-Sports Club,Ziv,Camille,7428,7826.076299999938,8183
LMS,Machi 17,3z,Camille,11255,11384.594569387009,10933
LMS,Raise Gaming,Pk,Camille,10642,11013.997972280175,10633
LMS,J Team,Rest,Camille,12689,17520.093146691488,16438
LMS,AHQ e-Sports Club,Ziv,Camille,12533,11137.994893857598,10733
LMS,AHQ e-Sports Club,Ziv,Camille,19859,18241.57341463909,17158
LMS,Raise Gaming,Pk,Camille,9472,13580.877556985773,12783
LMS,Flash Wolves,MMD,Cho'gath,19763,15266.511440417367,12895
LMS,Wayi Spider,Nexus,Cho'gath,17140,16831.26181879041,14225
LMS,Machi 17,3z,Cho'gath,6322,13980.487412507673,11850
LMS,Raise Gaming,Pk,Cho'gath,16205,13153.516300705358,11200
LMS,Flash Wolves,MMD,Cho'gath,13558,12370.70714221032,10600
LMS,Flash Wolves,MMD,Cho'gath,15020,13728.311715185057,11650
LMS,J Team,Rest,Cho'gath,6858,8114.0486292072565,7575
LMS,Machi 17,3z,Fiora,11143,13566.056729888829,11333
LMS,Machi 17,3z,Fiora,13257,9822.103368007682,8600
LMS,Machi 17,3z,Fiora,6557,10444.423310821436,9033
LMS,Machi 17,3z,Fiora,6590,16724.317204166102,13900
LMS,Raise Gaming,Pk,Fiora,29373,16899.488050958513,14050
LMS,Flash Wolves,MMD,Fiora,10407,14132.748532766105,11775
LMS,Machi 17,3z,Fiora,18900,17789.447107256434,14825
LMS,Flash Wolves,MMD,Fiora,24929,20992.117920639655,17800
LMS,Machi 17,3z,Galio,10541,10172.741885296513,10560
LMS,Hong Kong Attitude,MapleSnow,Galio,12086,10400.383366918904,10750
LMS,Hong Kong Attitude,MapleSnow,Galio,17704,9858.726561053958,10300
LMS,Machi 17,3z,Galio,10073,13638.022589981134,13600
LMS,Wayi Spider,Nexus,Galio,18368,22454.631425353415,23e3
LMS,Flash Wolves,MMD,Galio,9824,7604.365593037186,8500
LMS,Fire Ball,Ninuo,Galio,12851,7636.634625740817,8525
LMS,Fire Ball,Ninuo,Galio,10549,10620.558987407267,10935
LMS,Machi 17,3z,Gnar,18550,18804.163345917736,15400
LMS,J Team,Morning,Gnar,25842,14840.346438566954,12075
LMS,Fire Ball,Ninuo,Gnar,12681,11524.64083519194,9595
LMS,Wayi Spider,Nexus,Gnar,11831,9982.345766766754,8525
LMS,Hong Kong Attitude,Riris,Gnar,13248,14457.091671260276,11775
LMS,Hong Kong Attitude,Riris,Gnar,13924,12502.58747824517,10300
LMS,Wayi Spider,Nexus,Gnar,12077,14967.076079684182,12175
LMS,Hong Kong Attitude,Riris,Gnar,6626,13873.397010445431,11325
LMS,Machi 17,3z,Gnar,17951,17981.06390005578,14675
LMS,Hong Kong Attitude,Riris,Gnar,12571,16809.615169639448,13675
LMS,Hong Kong Attitude,Riris,Gnar,11676,12842.382609911367,10550
LMS,Wayi Spider,Nexus,Gnar,13557,13411.894710229973,10975
LMS,Machi 17,3z,Gnar,10426,12159.167809665301,10050
LMS,Hong Kong Attitude,Riris,Gnar,23908,17312.77146558239,14100
LMS,AHQ e-Sports Club,Ziv,Gnar,24897,16630.107593381443,13525
LMS,Fire Ball,Ninuo,Gnar,9522,12090.043445311876,1e4
LMS,Wayi Spider,Rins,Gragas,8595,10673.961336835173,10325
LMS,Wayi Spider,Rins,Gragas,10041,9488.324848856795,9400
LMS,eXtreme Gamers,Nexus,Gragas,14372,15762.285090479176,14700
LMS,eXtreme Gamers,Nexus,Gragas,3729,10484.504996396252,10175
LMS,eXtreme Gamers,Nexus,Gragas,8616,8361.877937676238,8550
LMS,J Team,Morning,Gragas,34336,20520.59309467977,19475
LMS,Fire Ball,Ninuo,Gragas,5998,6781.933060899001,7400
LMS,Hong Kong Esports,MapleSnow,Gragas,6717,6033.48953613783,6870
LMS,Hong Kong Attitude,MapleSnow,Gragas,9014,12271.793265644601,11625
LMS,Wayi Spider,Nexus,Gragas,14507,18931.092853424925,17800
LMS,Wayi Spider,Nexus,Gragas,10936,12570.263291061552,11875
LMS,Flash Wolves,Moonblackk,Gragas,12364,15492.391970828001,14450
LMS,Wayi Spider,Nexus,Gragas,7929,8091.665768397925,8350
LMS,Wayi Spider,Nexus,Gragas,12036,17867.653802913428,16725
LMS,Fire Ball,Ninuo,Gragas,16253,13275.476627157333,12475
LMS,Wayi Spider,Nexus,Gragas,6682,7648.418762702617,8025
LMS,Machi 17,3z,Jarvan IV,16788,23497.88141681158,23575
LMS,AHQ e-Sports Club,Ziv,Jarvan IV,14599,10970.853433834778,10900
LMS,AHQ e-Sports Club,Ziv,Jarvan IV,17335,13999.959951157165,13525
LMS,J Team,Morning,Jarvan IV,14140,17117.5046636312,16500
LMS,J Team,Morning,Jarvan IV,15769,18293.12387658276,17700
LMS,Hong Kong Attitude,MapleSnow,Jarvan IV,10128,9137.736662156707,9425
LMS,Hong Kong Attitude,MapleSnow,Jarvan IV,11611,11865.667412183517,11650
LMS,Flash Wolves,Moonblackk,Jarvan IV,12843,23086.09192007267,23075
LMS,Raise Gaming,Pk,Jarvan IV,16499,18723.01716847474,18150
LMS,Machi 17,3z,Jarvan IV,9952,9676.112493646964,9850
LMS,Raise Gaming,Pk,Jarvan IV,14349,17588.067967822546,16975
LMS,Raise Gaming,Pk,Jarvan IV,13445,11451.131097546579,11300
LMS,Wayi Spider,Nexus,Jarvan IV,10973,14626.884450107797,14100
LMS,Wayi Spider,Nexus,Jarvan IV,14141,17042.563300502206,16425
LMS,J Team,Morning,Jarvan IV,20664,15922.574135702262,15325
LMS,AHQ e-Sports Club,Ziv,Jarvan IV,7857,11391.479384182401,11250
LMS,Flash Wolves,MMD,Jarvan IV,12944,12448.823160611191,12150
LMS,Raise Gaming,Pk,Jarvan IV,14784,15400.102057393633,14825
LMS,J Team,Morning,Jarvan IV,17878,16690.476652999052,16075
LMS,J Team,Morning,Jarvan IV,17878,16690.476652999052,16075
LMS,J Team,Morning,Jarvan IV,12489,12793.720910021555,12450
LMS,Machi 17,3z,Jarvan IV,10346,9669.827060786925,9845
LMS,Machi 17,3z,Jarvan IV,7167,8239.335827976487,8730
LMS,Hong Kong Attitude,Riris,Jarvan IV,18793,19333.921081163808,18800
LMS,Flash Wolves,MMD,Jarvan IV,13382,12707.842820688136,12375
LMS,AHQ e-Sports Club,Ziv,Jarvan IV,18153,12216.821756373642,11950
LMS,Fire Ball,Ninuo,Jarvan IV,19301,19588.905589888593,19075
LMS,Machi 17,3z,Jarvan IV,10769,12541.15815447799,12230
LMS,Raise Gaming,Pk,Jarvan IV,21308,14981.171244037687,14430
LMS,Raise Gaming,Pk,Jarvan IV,9415,12621.734515926506,12300
LMS,Fire Ball,Ninuo,Jarvan IV,5546,6935.083247968719,7750
LMS,Hong Kong Attitude,Riris,Jarvan IV,14056,9763.9879481379,9920
LMS,AHQ e-Sports Club,Ziv,Jarvan IV,13468,10970.853433834778,10900
LMS,J Team,Morning,Jarvan IV,8405,6765.690442564258,7625
LMS,J Team,Morning,Jarvan IV,15180,9105.807613699155,9400
LMS,J Team,Morning,Jarvan IV,24535,20260.6117451006,19810
LMS,Raise Gaming,Pk,Jarvan IV,19392,12245.91330932056,11975
LMS,Machi 17,3z,Jarvan IV,6628,10230.930887383962,10295
LMS,Flash Wolves,MMD,Jarvan IV,8619,9169.636789265527,9450
LMS,Flash Wolves,MMD,Jarvan IV,8019,7904.124667202897,8475
LMS,Wayi Spider,Nexus,Jarvan IV,10237,12964.790558150937,12600
LMS,Wayi Spider,Nexus,Jarvan IV,15272,12650.462927045945,12325
LMS,Flash Wolves,MMD,Jarvan IV,11506,8849.333592664158,9200
LMS,Hong Kong Attitude,Riris,Jarvan IV,8811,7705.5572370076825,8325
LMS,Raise Gaming,Pk,Jarvan IV,10984,11599.785782689576,11425
LMS,Fire Ball,Ninuo,Jarvan IV,9642,9707.522422534239,9875
LMS,Raise Gaming,Pk,Jarvan IV,9531,6995.902229220377,7795
LMS,Flash Wolves,MMD,Jarvan IV,11573,15531.529932711182,14950
LMS,Hong Kong Attitude,Riris,Jarvan IV,12922,8977.802113302048,9300
LMS,Raise Gaming,Pk,Jarvan IV,2166,5562.60529743828,6750
LMS,Fire Ball,Ninuo,Jarvan IV,9833,10422.065562205453,10450
LMS,J Team,Rest,Jarvan IV,12792,8977.802113302048,9300
LMS,AHQ e-Sports Club,Ziv,Jax,28514,18486.32023314257,17478
LMS,Raise Gaming,Pk,Jax,7397,7026.877049429003,7633
LMS,Raise Gaming,Pk,Jax,9021,10016.883541723955,9883
LMS,AHQ e-Sports Club,Ziv,Jax,20642,15116.866188845965,14213
LMS,Flash Wolves,MMD,Jax,12955,12971.859386119084,12308
LMS,J Team,Rest,Jax,19535,15619.166613142743,14678
LMS,Raise Gaming,Pk,Jax,8740,6784.2918934105855,7458
LMS,AHQ e-Sports Club,Ziv,Jax,11408,10365.605696817996,10158
LMS,Raise Gaming,Pk,Jax,20641,16234.73437380401,15258
LMS,J Team,Rest,Jax,11725,17622.86151481619,16608
LMS,Raise Gaming,Pk,Jax,13119,14783.02463105153,13908
LMS,Machi 17,3z,Jayce,17705,21031.838941869923,14625
LMS,Flash Wolves,MMD,Jayce,7815,12292.543725951304,8500
LMS,Flash Wolves,MMD,Jayce,15244,16306.188851238743,11105
LMS,Hong Kong Attitude,Riris,Jayce,23540,22881.34166465985,16150
LMS,Machi 17,3z,Jayce,26404,28821.436007874418,21670
LMS,Hong Kong Attitude,Riris,Jayce,15006,11461.079274301188,8e3
LMS,Hong Kong Attitude,Riris,Jayce,13919,12045.334407651342,8350
LMS,Hong Kong Attitude,Riris,Jayce,33925,25377.443869829298,18350
LMS,Flash Wolves,MMD,Jayce,12941,15751.372861319644,10725
LMS,J Team,Morning,Kennen,27225,18150.890675001407,15350
LMS,Machi 17,3z,Kennen,14961,23034.31156759051,20125
LMS,Hong Kong Attitude,Riris,Kennen,22452,25045.364351873985,22310
LMS,Fire Ball,Ninuo,Kennen,15561,13660.830048318836,11560
LMS,Fire Ball,Ninuo,Kennen,5392,9619.951666965238,8575
LMS,Hong Kong Attitude,Riris,Kennen,6911,7545.282106590456,7175
LMS,Hong Kong Attitude,Riris,Kennen,12088,20493.195522038284,17550
LMS,Flash Wolves,MMD,Kennen,13714,16273.716234402254,13700
LMS,AHQ e-Sports Club,Ziv,Kennen,18384,19566.185904848924,16660
LMS,Flash Wolves,MMD,Kled,35302,19154.389643233288,17705
LMS,Flash Wolves,MMD,Kled,8133,10463.32368408128,9975
LMS,J Team,Morning,Kled,13409,16105.511533483297,14750
LMS,J Team,Morning,Kled,17130,10073.857644110727,9675
LMS,J Team,Morning,Kled,15773,13067.724089874471,12075
LMS,AHQ e-Sports Club,Ziv,Kled,15333,11729.522668087055,10975
LMS,Wayi Spider,Nexus,Kled,7991,10489.128197561662,9995
LMS,Wayi Spider,Nexus,Kled,18150,16213.621427112388,14850
LMS,Raise Gaming,Pk,Kled,11188,14352.261936228972,13175
LMS,AHQ e-Sports Club,Ziv,Kled,8571,11853.493299074116,11075
LMS,AHQ e-Sports Club,Ziv,Kled,17359,14693.772831928822,13475
LMS,Machi 17,3z,Kled,19304,23552.59163385582,22495
LMS,Flash Wolves,MMD,Kled,18194,15778.950926072614,14450
LMS,Raise Gaming,Pk,Kled,15407,18678.59128349357,17225
LMS,Raise Gaming,Pk,Kled,15407,18678.59128349357,17225
LMS,J Team,Morning,Kled,9714,10236.682993658895,9800
LMS,AHQ e-Sports Club,Ziv,Kled,8217,9348.044108662845,9125
LMS,Flash Wolves,MMD,Kled,11859,16642.410419069252,15250
LMS,Machi 17,3z,Kled,15637,18276.596522975102,16825
LMS,Machi 17,3z,Kled,24114,23522.523113510382,22460
LMS,AHQ e-Sports Club,Ziv,Kled,15757,11511.431695339757,10800
LMS,J Team,Morning,Kled,10769,11884.412191333375,11100
LMS,Machi 17,3z,Kled,6405,10617.852617728902,10095
LMS,J Team,Rest,Kled,9766,11379.874364775384,10695
LMS,Machi 17,3z,Kled,6785,9975.785121867228,9600
LMS,Machi 17,3z,Kled,16760,18578.56705422625,17125
LMS,AHQ e-Sports Club,Ziv,Kled,10200,10682.02892685167,10145
LMS,Fire Ball,Ninuo,Maokai,6956,10417.581611847449,8525
LMS,Fire Ball,Ninuo,Maokai,15852,15466.77942168631,12150
LMS,AHQ e-Sports Club,Ziv,Maokai,15963,17908.347549168564,14120
LMS,eXtreme Gamers,Nexus,Maokai,13825,18487.564654526468,14610
LMS,Flash Wolves,MMD,Maokai,15746,15012.617382511084,11800
LMS,Wayi Spider,Rins,Maokai,12508,17257.56243958723,13580
LMS,Flash Wolves,MMD,Maokai,19536,29383.029578852213,25660
LMS,AHQ e-Sports Club,Ziv,Maokai,11024,14743.555435606522,11595
LMS,Fire Ball,Ninuo,Maokai,13613,10304.369143248068,8450
LMS,Wayi Spider,Nexus,Maokai,15630,11162.656731906864,9025
LMS,AHQ e-Sports Club,Ziv,Maokai,11708,10866.632918514093,8825
LMS,Machi 17,3z,Maokai,9250,11528.976982210983,9275
LMS,Flash Wolves,MMD,Maokai,11735,11963.203096677329,9575
LMS,J Team,Rest,Maokai,17858,14723.778079776472,11580
LMS,Flash Wolves,MMD,Maokai,17373,14352.32055989432,11300
LMS,Raise Gaming,Pk,Maokai,8969,10266.546712977073,8425
LMS,Fire Ball,Ninuo,Maokai,7371,6519.49533155564,6075
LMS,Raise Gaming,Pk,Maokai,10742,16199.055446892375,12725
LMS,J Team,Morning,Nautilus,10099,9872.023608430483,10075
LMS,J Team,Morning,Nautilus,16277,11713.385529454023,11600
LMS,AHQ e-Sports Club,Ziv,Nautilus,14566,10057.707997708292,10225
LMS,Wayi Spider,Rins,Nautilus,12638,13953.06342911246,13575
LMS,Hong Kong Esports,MapleSnow,Nautilus,21785,14630.317838319694,14200
LMS,Hong Kong Esports,MapleSnow,Nautilus,22838,15632.83303929595,15150
LMS,Flash Wolves,MMD,Nautilus,10279,11742.730837864914,11625
LMS,eXtreme Gamers,Nexus,Nautilus,13494,10729.933206392232,10775
LMS,J Team,Morning,Nautilus,13726,14667.820423821393,14235
LMS,eXtreme Gamers,Nexus,Nautilus,10597,8704.398699515004,9150
LMS,Machi 17,BoBo,Nautilus,7767,9403.358634721495,9700
LMS,Fire Ball,Ninuo,Nautilus,16335,21171.85045515689,20975
LMS,J Team,Morning,Nautilus,20419,12736.349731509677,12485
LMS,AHQ e-Sports Club,Ziv,Nautilus,7457,7761.995657381564,8425
LMS,AHQ e-Sports Club,Ziv,Nautilus,12298,9277.301777913444,9600
LMS,Raise Gaming,Pk,Nautilus,9084,13227.488002328222,12920
LMS,Machi 17,3z,Renekton,9616,12431.041999385134,12950
LMS,AHQ e-Sports Club,Ziv,Renekton,7804,10304.123919298252,11050
LMS,Fire Ball,Ninuo,Renekton,15548,13101.295578998344,13575
LMS,Fire Ball,Ninuo,Renekton,16674,13923.716688092412,14360
LMS,Fire Ball,Ninuo,Renekton,7460,12994.991623279024,13475
LMS,AHQ e-Sports Club,Ziv,Renekton,17577,14395.9578198084,14820
LMS,Fire Ball,Ninuo,Renekton,10367,10390.731477394811,11125
LMS,Flash Wolves,MMD,Renekton,14643,9896.98921217812,10700
LMS,Flash Wolves,MMD,Renekton,8060,13887.49659709548,14325
LMS,AHQ e-Sports Club,Ziv,Renekton,13692,12485.179758166501,13e3
LMS,AHQ e-Sports Club,Ziv,Renekton,14947,14548.444344665852,14970
LMS,Fire Ball,Ninuo,Renekton,12798,14212.002384463094,14640
LMS,AHQ e-Sports Club,Ziv,Renekton,10523,9217.423711793144,10125
LMS,Raise Gaming,Pk,Renekton,25226,17132.736476716535,17625
LMS,Machi 17,3z,Renekton,8896,8065.276935409772,9175
LMS,Hong Kong Attitude,Riris,Renekton,13234,13233.68084275849,13700
LMS,Flash Wolves,MMD,Renekton,22288,14856.259275900951,15275
LMS,J Team,Morning,Renekton,15053,8554.853894744994,9575
LMS,Fire Ball,Ninuo,Renekton,5067,7569.276812139853,8775
LMS,AHQ e-Sports Club,Ziv,Renekton,10772,10905.712958132066,11575
LMS,AHQ e-Sports Club,Ziv,Renekton,8252,11496.559969862872,12100
LMS,Machi 17,3z,Renekton,8693,16256.087493518164,16700
LMS,Fire Ball,Ninuo,Renekton,8719,10591.949168702457,11300
LMS,Hong Kong Attitude,Riris,Renekton,21792,18865.338151781092,19530
LMS,Flash Wolves,MMD,Renekton,9858,14150.446509008278,14580
LMS,Flash Wolves,MMD,Renekton,8689,9007.939798195393,9950
LMS,Flash Wolves,MMD,Renekton,8854,13365.520142752395,13825
LMS,Machi 17,3z,Rumble,15066,20955.07490963227,13525
LMS,Machi 17,3z,Rumble,20568,16441.37636667027,10400
LMS,J Team,Morning,Rumble,17803,19402.631762017194,12400
LMS,Flash Wolves,MMD,Rumble,15464,18324.19655483873,11650
LMS,AHQ e-Sports Club,Ziv,Rumble,19e3,19522.588389822224,12485
LMS,Fire Ball,Ninuo,Rumble,22993,22737.199049694125,14885
LMS,Hong Kong Attitude,Riris,Rumble,32302,18738.3077564328,11935
LMS,Hong Kong Attitude,Riris,Rumble,23076,22564.6092686151,14750
LMS,Fire Ball,Ninuo,Rumble,25584,23167.862868800137,15225
LMS,J Team,Morning,Rumble,25570,20995.464342182557,13555
LMS,Wayi Spider,Nexus,Rumble,20185,24189.86973575078,16050
LMS,AHQ e-Sports Club,Ziv,Rumble,11613,19858.882903499943,12725
LMS,Fire Ball,Ninuo,Rumble,5584,13703.90899576312,8710
LMS,Wayi Spider,Nexus,Rumble,16451,16865.285502526825,10675
LMS,Hong Kong Attitude,Riris,Rumble,17553,17018.04000362782,10775
LMS,J Team,Morning,Rumble,22194,18975.620813308724,12100
LMS,J Team,Morning,Rumble,23204,18389.94143270066,11695
LMS,J Team,Morning,Rumble,19326,18939.777537057693,12075
LMS,Fire Ball,Ninuo,Rumble,13045,14866.564492251653,9410
LMS,J Team,Morning,Rumble,24697,19649.11306096046,12575
LMS,Machi 17,3z,Rumble,10357,13517.280174112651,8600
LMS,Machi 17,3z,Rumble,20098,17185.224771420202,10885
LMS,Machi 17,3z,Rumble,13503,16903.5431505695,10700
LMS,Hong Kong Attitude,Riris,Rumble,18997,19331.858308584593,12350
LMS,Hong Kong Attitude,Riris,Rumble,14748,16145.14660198256,10210
LMS,Hong Kong Attitude,Riris,Rumble,42906,27022.843969491954,18475
LMS,Raise Gaming,Pk,Rumble,18453,12435.701827282954,7975
LMS,Hong Kong Esports,MapleSnow,Shen,4696,7448.540440060541,8575
LMS,Wayi Spider,Rins,Shen,6428,10632.104912043324,11200
LMS,Fire Ball,Ninuo,Shen,21852,13909.153622019596,14175
LMS,AHQ e-Sports Club,Ziv,Shen,33387,16400.636937226936,16650
LMS,Wayi Spider,Nexus,Shen,21958,12572.528530335547,12925
LMS,Wayi Spider,Nexus,Shen,15638,8694.959746782368,9575
LMS,Wayi Spider,Nexus,Shen,14527,6012.231599287237,7460
LMS,Hong Kong Attitude,MapleSnow,Shen,15425,10632.104912043324,11200
LMS,Hong Kong Attitude,MapleSnow,Shen,3473,9242.337260562834,10025
LMS,Wayi Spider,Nexus,Shen,8070,13381.19251709898,13675
LMS,Raise Gaming,Pk,Shen,16079,10661.061942356204,11225
LMS,Fire Ball,Ninuo,Shen,19162,19272.757817378733,19755
LMS,Fire Ball,Ninuo,Shen,5483,8878.35576015186,9725
LMS,J Team,Morning,Shen,14521,16449.005808714508,16700
LMS,Fire Ball,Ninuo,Shen,10098,6188.540086141786,7595
LMS,Wayi Spider,Nexus,Shen,22469,16497.30098034174,16750
LMS,Flash Wolves,MMD,Shen,14960,8602.910552520067,9500
LMS,Wayi Spider,Nexus,Shen,7006,7826.771001701663,8875
LMS,Raise Gaming,Pk,Shen,11743,11291.79354784063,11775
LMS,Fire Ball,Ninuo,Shen,9934,11489.971591476466,11950
LMS,Wayi Spider,Nexus,Shen,7235,10253.361990183137,10875
LMS,Raise Gaming,Pk,Shen,9643,11714.99856579502,12150
LMS,Wayi Spider,Nexus,Shen,14323,14039.78780136977,14300
LMS,Hong Kong Attitude,Riris,Shen,11116,16928.678446436228,17200
LMS,Hong Kong Attitude,Riris,Shen,9747,12517.886005469936,12875
LMS,Flash Wolves,MMD,Shen,7089,8725.590798454663,9600
LMS,Hong Kong Attitude,Riris,Shen,7776,15242.180942211673,15475
LMS,J Team,Rest,Shen,6846,15267.275077727976,15500
